"ACTIVE","CATEGORY","DESCRIPTION","EXTERNAL_ID","IMAGE_URL","IS_NEW","NAME","OLD_PRICE","PRICE","RATING","REVIEW_COUNT","STOCK"
"true","LAPTOP","Lenovo V15 ITL G2 82KBA033IH Laptop laptop","LAP-000001","https://res.cloudinary.com/dngvbsauf/image/upload/v1788367038/tech-store/laptops/template-01.png","false","Lenovo V15 ITL G2 82KBA033IH Laptop","","33921.0","0.0","0","10"
"true","LAPTOP","HP Pavilion 15-ec2004AX Gaming Laptop laptop","LAP-000002","https://res.cloudinary.com/dngvbsauf/image/upload/v1788367040/tech-store/laptops/template-02.jpg","false","HP Pavilion 15-ec2004AX Gaming Laptop","","56150.0","0.0","0","10"
"true","LAPTOP","Lenovo V15 82KBA03HIH Laptop laptop","LAP-000003","https://res.cloudinary.com/dngvbsauf/image/upload/v1788367041/tech-store/laptops/template-03.png","false","Lenovo V15 82KBA03HIH Laptop","","35499.0","0.0","0","10"
"true","LAPTOP","Asus Vivobook 16X 2022 M1603QA-MB502WS Laptop laptop","LAP-000004","https://res.cloudinary.com/dngvbsauf/image/upload/v1788367043/tech-store/laptops/template-04.png","false","Asus Vivobook 16X 2022 M1603QA-MB502WS Laptop","","48990.0","0.0","0","10"
"true","LAPTOP","HP 15s-fr4000TU Laptop laptop","LAP-000005","https://res.cloudinary.com/dngvbsauf/image/upload/v1788367045/tech-store/laptops/template-05.jpg","false","HP 15s-fr4000TU Laptop","","52990.0","0.0","0","10"
"true","LAPTOP","Lenovo IdeaPad Gaming 3 82K101ECIN Laptop laptop","LAP-000006","https://res.cloudinary.com/dngvbsauf/image/upload/v1788367046/tech-store/laptops/template-06.jpg","false","Lenovo IdeaPad Gaming 3 82K101ECIN Laptop","","56700.0","0.0","0","10"
"true","LAPTOP","Infinix Zero Book Ultra Laptop laptop","LAP-000007","https://res.cloudinary.com/dngvbsauf/image/upload/v1788367048/tech-store/laptops/template-07.jpg","false","Infinix Zero Book Ultra Laptop","","87620.0","0.0","0","10"
"true","LAPTOP","HP 15s-eq1559AU Laptop laptop","LAP-000008","https://res.cloudinary.com/dngvbsauf/image/upload/v1788367049/tech-store/laptops/template-08.png","false","HP 15s-eq1559AU Laptop","","29212.0","0.0","0","10"
"true","LAPTOP","Dell Inspiron 3520 Laptop laptop","LAP-000009","https://res.cloudinary.com/dngvbsauf/image/upload/v1788367038/tech-store/laptops/template-01.png","false","Dell Inspiron 3520 Laptop","","44087.0","0.0","0","10"
"true","LAPTOP","Dell Inspiron 3511 Laptop laptop","LAP-000010","https://res.cloudinary.com/dngvbsauf/image/upload/v1788367040/tech-store/laptops/template-02.jpg","false","Dell Inspiron 3511 Laptop","","38800.0","0.0","0","10"
"true","LAPTOP","Asus Vivobook Pro 15 OLED M6500QH-HN701WS Laptop laptop","LAP-000011","https://res.cloudinary.com/dngvbsauf/image/upload/v1788367041/tech-store/laptops/template-03.png","false","Asus Vivobook Pro 15 OLED M6500QH-HN701WS Laptop","","65990.0","0.0","0","10"
"true","LAPTOP","Apple MacBook Air 2020 MGND3HN Laptop laptop","LAP-000012","https://res.cloudinary.com/dngvbsauf/image/upload/v1788367043/tech-store/laptops/template-04.png","false","Apple MacBook Air 2020 MGND3HN Laptop","","83900.0","0.0","0","10"
"true","LAPTOP","HP 15s-fq5007TU Laptop laptop","LAP-000013","https://res.cloudinary.com/dngvbsauf/image/upload/v1788367045/tech-store/laptops/template-05.jpg","false","HP 15s-fq5007TU Laptop","","46790.0","0.0","0","10"
"true","LAPTOP","HP 15s-fq5111TU Laptop laptop","LAP-000014","https://res.cloudinary.com/dngvbsauf/image/upload/v1788367046/tech-store/laptops/template-06.jpg","false","HP 15s-fq5111TU Laptop","","58530.0","0.0","0","10"
"true","LAPTOP","Dell Inspiron 3520 D560871WIN9B Laptop laptop","LAP-000015","https://res.cloudinary.com/dngvbsauf/image/upload/v1788367048/tech-store/laptops/template-07.jpg","false","Dell Inspiron 3520 D560871WIN9B Laptop","","57223.0","0.0","0","10"
"true","LAPTOP","Asus TUF Gaming A15 FA506IHRZ-HN111W Laptop laptop","LAP-000016","https://res.cloudinary.com/dngvbsauf/image/upload/v1788367049/tech-store/laptops/template-08.png","false","Asus TUF Gaming A15 FA506IHRZ-HN111W Laptop","","49990.0","0.0","0","10"
"true","LAPTOP","HP 15s-er1501AU Laptop laptop","LAP-000017","https://res.cloudinary.com/dngvbsauf/image/upload/v1788367038/tech-store/laptops/template-01.png","false","HP 15s-er1501AU Laptop","","28490.0","0.0","0","10"
"true","LAPTOP","HP Victus 15-fb0040AX Gaming Laptop laptop","LAP-000018","https://res.cloudinary.com/dngvbsauf/image/upload/v1788367040/tech-store/laptops/template-02.jpg","false","HP Victus 15-fb0040AX Gaming Laptop","","59800.0","0.0","0","10"
"true","LAPTOP","Realme Book Slim Laptop laptop","LAP-000019","https://res.cloudinary.com/dngvbsauf/image/upload/v1788367041/tech-store/laptops/template-03.png","false","Realme Book Slim Laptop","","49990.0","0.0","0","10"
"true","LAPTOP","Asus Vivobook 16X 2022 M1603QA-MB511WS Laptop laptop","LAP-000020","https://res.cloudinary.com/dngvbsauf/image/upload/v1788367043/tech-store/laptops/template-04.png","false","Asus Vivobook 16X 2022 M1603QA-MB511WS Laptop","","53990.0","0.0","0","10"
"true","LAPTOP","Apple MacBook Air 2022 Laptop laptop","LAP-000021","https://res.cloudinary.com/dngvbsauf/image/upload/v1788367045/tech-store/laptops/template-05.jpg","false","Apple MacBook Air 2022 Laptop","","107990.0","0.0","0","10"
"true","LAPTOP","Asus VivoBook 14 X415JA-BV301WS Laptop laptop","LAP-000022","https://res.cloudinary.com/dngvbsauf/image/upload/v1788367046/tech-store/laptops/template-06.jpg","false","Asus VivoBook 14 X415JA-BV301WS Laptop","","29890.0","0.0","0","10"
"true","LAPTOP","HP 15s-fq2717TU Laptop laptop","LAP-000023","https://res.cloudinary.com/dngvbsauf/image/upload/v1788367048/tech-store/laptops/template-07.jpg","false","HP 15s-fq2717TU Laptop","","41900.0","0.0","0","10"
"true","LAPTOP","Lenovo V15 ‎82C70005UK Laptop laptop","LAP-000024","https://res.cloudinary.com/dngvbsauf/image/upload/v1788367049/tech-store/laptops/template-08.png","false","Lenovo V15 ‎82C70005UK Laptop","","38480.0","0.0","0","10"
"true","LAPTOP","Lenovo V15 82KDA00XIH Laptop laptop","LAP-000025","https://res.cloudinary.com/dngvbsauf/image/upload/v1788367038/tech-store/laptops/template-01.png","false","Lenovo V15 82KDA00XIH Laptop","","38489.0","0.0","0","10"
"true","LAPTOP","Lenovo E41-55 82FJ00AGIH Laptop laptop","LAP-000026","https://res.cloudinary.com/dngvbsauf/image/upload/v1788367040/tech-store/laptops/template-02.jpg","false","Lenovo E41-55 82FJ00AGIH Laptop","","18990.0","0.0","0","10"
"true","LAPTOP","Asus VivoBook 15 X1500EA-EJ322WS Laptop laptop","LAP-000027","https://res.cloudinary.com/dngvbsauf/image/upload/v1788367041/tech-store/laptops/template-03.png","false","Asus VivoBook 15 X1500EA-EJ322WS Laptop","","35978.0","0.0","0","10"
"true","LAPTOP","HP Victus 15-fa0165TX Laptop laptop","LAP-000028","https://res.cloudinary.com/dngvbsauf/image/upload/v1788367043/tech-store/laptops/template-04.png","false","HP Victus 15-fa0165TX Laptop","","69990.0","0.0","0","10"
"true","LAPTOP","HP 15s-FR2511TU Laptop laptop","LAP-000029","https://res.cloudinary.com/dngvbsauf/image/upload/v1788367045/tech-store/laptops/template-05.jpg","false","HP 15s-FR2511TU Laptop","","40880.0","0.0","0","10"
"true","LAPTOP","Asus TUF Gaming A17 FA706IHRB-HX041W Gaming Laptop laptop","LAP-000030","https://res.cloudinary.com/dngvbsauf/image/upload/v1788367046/tech-store/laptops/template-06.jpg","false","Asus TUF Gaming A17 FA706IHRB-HX041W Gaming Laptop","","52990.0","0.0","0","10"
"true","LAPTOP","HP Pavilion 15-eg2009TU Laptop laptop","LAP-000031","https://res.cloudinary.com/dngvbsauf/image/upload/v1788367048/tech-store/laptops/template-07.jpg","false","HP Pavilion 15-eg2009TU Laptop","","62990.0","0.0","0","10"
"true","LAPTOP","HP 15s- eq2212AU Laptop laptop","LAP-000032","https://res.cloudinary.com/dngvbsauf/image/upload/v1788367049/tech-store/laptops/template-08.png","false","HP 15s- eq2212AU Laptop","","37990.0","0.0","0","10"
"true","LAPTOP","Dell Inspiron 3520 Laptop laptop","LAP-000033","https://res.cloudinary.com/dngvbsauf/image/upload/v1788367038/tech-store/laptops/template-01.png","false","Dell Inspiron 3520 Laptop","","57990.0","0.0","0","10"
"true","LAPTOP","HP 245 G8 62G68PA Laptop laptop","LAP-000034","https://res.cloudinary.com/dngvbsauf/image/upload/v1788367040/tech-store/laptops/template-02.jpg","false","HP 245 G8 62G68PA Laptop","","27890.0","0.0","0","10"
"true","LAPTOP","Acer One 14 Z2-493 Laptop laptop","LAP-000035","https://res.cloudinary.com/dngvbsauf/image/upload/v1788367041/tech-store/laptops/template-03.png","false","Acer One 14 Z2-493 Laptop","","20990.0","0.0","0","10"
"true","LAPTOP","Acer Aspire 7 A715-51G NH.QGCSI.001 Gaming Laptop laptop","LAP-000036","https://res.cloudinary.com/dngvbsauf/image/upload/v1788367043/tech-store/laptops/template-04.png","false","Acer Aspire 7 A715-51G NH.QGCSI.001 Gaming Laptop","","64990.0","0.0","0","10"
"true","LAPTOP","Dell Inspiron 5320 Laptop laptop","LAP-000037","https://res.cloudinary.com/dngvbsauf/image/upload/v1788367045/tech-store/laptops/template-05.jpg","false","Dell Inspiron 5320 Laptop","","84918.0","0.0","0","10"
"true","LAPTOP","MSI Bravo 15 B5DD-410IN Gaming Laptop laptop","LAP-000038","https://res.cloudinary.com/dngvbsauf/image/upload/v1788367046/tech-store/laptops/template-06.jpg","false","MSI Bravo 15 B5DD-410IN Gaming Laptop","","47990.0","0.0","0","10"
"true","LAPTOP","Lenovo IdeaPad Flex 5 82R9008GIN Laptop laptop","LAP-000039","https://res.cloudinary.com/dngvbsauf/image/upload/v1788367048/tech-store/laptops/template-07.jpg","false","Lenovo IdeaPad Flex 5 82R9008GIN Laptop","","61100.0","0.0","0","10"
"true","LAPTOP","HP Victus 15-fa0070TX Laptop laptop","LAP-000040","https://res.cloudinary.com/dngvbsauf/image/upload/v1788367049/tech-store/laptops/template-08.png","false","HP Victus 15-fa0070TX Laptop","","67990.0","0.0","0","10"
"true","LAPTOP","Lenovo IdeaPad Slim 1 82R10049IN Laptop laptop","LAP-000041","https://res.cloudinary.com/dngvbsauf/image/upload/v1788367038/tech-store/laptops/template-01.png","false","Lenovo IdeaPad Slim 1 82R10049IN Laptop","","34300.0","0.0","0","10"
"true","LAPTOP","Asus Vivobook S15 OLED K3502ZA-L501WS Laptop laptop","LAP-000042","https://res.cloudinary.com/dngvbsauf/image/upload/v1788367040/tech-store/laptops/template-02.jpg","false","Asus Vivobook S15 OLED K3502ZA-L501WS Laptop","","73000.0","0.0","0","10"
"true","LAPTOP","Lenovo IdeaPad D330 82H0001YIN Laptop laptop","LAP-000043","https://res.cloudinary.com/dngvbsauf/image/upload/v1788367041/tech-store/laptops/template-03.png","false","Lenovo IdeaPad D330 82H0001YIN Laptop","","22999.0","0.0","0","10"
"true","LAPTOP","Infinix INBook X1 XL11 Laptop laptop","LAP-000044","https://res.cloudinary.com/dngvbsauf/image/upload/v1788367043/tech-store/laptops/template-04.png","false","Infinix INBook X1 XL11 Laptop","","37999.0","0.0","0","10"
"true","LAPTOP","Realme Book Slim Laptop laptop","LAP-000045","https://res.cloudinary.com/dngvbsauf/image/upload/v1788367045/tech-store/laptops/template-05.jpg","false","Realme Book Slim Laptop","","39990.0","0.0","0","10"
"true","LAPTOP","Infinix Zero Book Series ZL12 Laptop laptop","LAP-000046","https://res.cloudinary.com/dngvbsauf/image/upload/v1788367046/tech-store/laptops/template-06.jpg","false","Infinix Zero Book Series ZL12 Laptop","","64990.0","0.0","0","10"
"true","LAPTOP","Asus VivoBook 15 X1500EA-EJ701W Laptop laptop","LAP-000047","https://res.cloudinary.com/dngvbsauf/image/upload/v1788367048/tech-store/laptops/template-07.jpg","false","Asus VivoBook 15 X1500EA-EJ701W Laptop","","56799.0","0.0","0","10"
"true","LAPTOP","Lenovo IdeaPad Gaming 3 82K201YAIN Laptop laptop","LAP-000048","https://res.cloudinary.com/dngvbsauf/image/upload/v1788367049/tech-store/laptops/template-08.png","false","Lenovo IdeaPad Gaming 3 82K201YAIN Laptop","","55990.0","0.0","0","10"
"true","LAPTOP","Asus Vivobook Pro 14 OLED M3400QA-KM502WS Gaming Laptop laptop","LAP-000049","https://res.cloudinary.com/dngvbsauf/image/upload/v1788367038/tech-store/laptops/template-01.png","false","Asus Vivobook Pro 14 OLED M3400QA-KM502WS Gaming Laptop","","53000.0","0.0","0","10"
"true","LAPTOP","HP Pavilion x360 14-ek0074TU Laptop laptop","LAP-000050","https://res.cloudinary.com/dngvbsauf/image/upload/v1788367040/tech-store/laptops/template-02.jpg","false","HP Pavilion x360 14-ek0074TU Laptop","","73490.0","0.0","0","10"
"true","LAPTOP","Lenovo IdeaPad Gaming 3 82K201UEIN Laptop laptop","LAP-000051","https://res.cloudinary.com/dngvbsauf/image/upload/v1788367041/tech-store/laptops/template-03.png","false","Lenovo IdeaPad Gaming 3 82K201UEIN Laptop","","58490.0","0.0","0","10"
"true","LAPTOP","Asus Vivobook Pro 15 OLED M6500IH-HN701WS Laptop laptop","LAP-000052","https://res.cloudinary.com/dngvbsauf/image/upload/v1788367043/tech-store/laptops/template-04.png","false","Asus Vivobook Pro 15 OLED M6500IH-HN701WS Laptop","","58990.0","0.0","0","10"
"true","LAPTOP","Asus TUF Gaming A15 FA506IHRZ-HN111W Laptop laptop","LAP-000053","https://res.cloudinary.com/dngvbsauf/image/upload/v1788367045/tech-store/laptops/template-05.jpg","false","Asus TUF Gaming A15 FA506IHRZ-HN111W Laptop","","54990.0","0.0","0","10"
"true","LAPTOP","HP Victus 15-fb0050AX Gaming Laptop laptop","LAP-000054","https://res.cloudinary.com/dngvbsauf/image/upload/v1788367046/tech-store/laptops/template-06.jpg","false","HP Victus 15-fb0050AX Gaming Laptop","","67600.0","0.0","0","10"
"true","LAPTOP","Lenovo IdeaPad Slim 5 82SF008YIN Laptop laptop","LAP-000055","https://res.cloudinary.com/dngvbsauf/image/upload/v1788367048/tech-store/laptops/template-07.jpg","false","Lenovo IdeaPad Slim 5 82SF008YIN Laptop","","72490.0","0.0","0","10"
"true","LAPTOP","Acer Aspire 5 A515-57G UN.K9TSI.002 Gaming Laptop laptop","LAP-000056","https://res.cloudinary.com/dngvbsauf/image/upload/v1788367049/tech-store/laptops/template-08.png","false","Acer Aspire 5 A515-57G UN.K9TSI.002 Gaming Laptop","","62990.0","0.0","0","10"
"true","LAPTOP","Asus VivoBook 15 X1500EA-EJ322WS Laptop laptop","LAP-000057","https://res.cloudinary.com/dngvbsauf/image/upload/v1788367038/tech-store/laptops/template-01.png","false","Asus VivoBook 15 X1500EA-EJ322WS Laptop","","35325.0","0.0","0","10"
"true","LAPTOP","HP 14s-dy5005TU Laptop laptop","LAP-000058","https://res.cloudinary.com/dngvbsauf/image/upload/v1788367040/tech-store/laptops/template-02.jpg","false","HP 14s-dy5005TU Laptop","","63990.0","0.0","0","10"
"true","LAPTOP","Asus Vivobook 15 2022 X1502ZA-EJ312WS Laptop laptop","LAP-000059","https://res.cloudinary.com/dngvbsauf/image/upload/v1788367041/tech-store/laptops/template-03.png","false","Asus Vivobook 15 2022 X1502ZA-EJ312WS Laptop","","42300.0","0.0","0","10"
"true","LAPTOP","Lenovo IdeaPad Slim 3 82RK0062IN Laptop laptop","LAP-000060","https://res.cloudinary.com/dngvbsauf/image/upload/v1788367043/tech-store/laptops/template-04.png","false","Lenovo IdeaPad Slim 3 82RK0062IN Laptop","","58490.0","0.0","0","10"
"true","LAPTOP","MSI Thin GF63 11SC-852IN Gaming Laptop laptop","LAP-000061","https://res.cloudinary.com/dngvbsauf/image/upload/v1788367045/tech-store/laptops/template-05.jpg","false","MSI Thin GF63 11SC-852IN Gaming Laptop","","64000.0","0.0","0","10"
"true","LAPTOP","Asus Zenbook 17 Fold UX9702AA-MD023WS Laptop laptop","LAP-000062","https://res.cloudinary.com/dngvbsauf/image/upload/v1788367046/tech-store/laptops/template-06.jpg","false","Asus Zenbook 17 Fold UX9702AA-MD023WS Laptop","","329990.0","0.0","0","10"
"true","LAPTOP","Nokia PureBook S14 NKi511TL165S Laptop laptop","LAP-000063","https://res.cloudinary.com/dngvbsauf/image/upload/v1788367048/tech-store/laptops/template-07.jpg","false","Nokia PureBook S14 NKi511TL165S Laptop","","40990.0","0.0","0","10"
"true","LAPTOP","Dell Latitude 3420 Laptop laptop","LAP-000064","https://res.cloudinary.com/dngvbsauf/image/upload/v1788367049/tech-store/laptops/template-08.png","false","Dell Latitude 3420 Laptop","","73740.0","0.0","0","10"
"true","LAPTOP","Acer Aspire 3 A315-24 Laptop laptop","LAP-000065","https://res.cloudinary.com/dngvbsauf/image/upload/v1788367038/tech-store/laptops/template-01.png","false","Acer Aspire 3 A315-24 Laptop","","52490.0","0.0","0","10"
"true","LAPTOP","HP 14s-dq2649TU Laptop laptop","LAP-000066","https://res.cloudinary.com/dngvbsauf/image/upload/v1788367040/tech-store/laptops/template-02.jpg","false","HP 14s-dq2649TU Laptop","","45500.0","0.0","0","10"
"true","LAPTOP","Samsung Galaxy Book2 NP550XED-KA1IN 15 Laptop laptop","LAP-000067","https://res.cloudinary.com/dngvbsauf/image/upload/v1788367041/tech-store/laptops/template-03.png","false","Samsung Galaxy Book2 NP550XED-KA1IN 15 Laptop","","67990.0","0.0","0","10"
"true","LAPTOP","Samsung Galaxy Book 3 Pro NP960XFG-KC1IN Laptop laptop","LAP-000068","https://res.cloudinary.com/dngvbsauf/image/upload/v1788367043/tech-store/laptops/template-04.png","false","Samsung Galaxy Book 3 Pro NP960XFG-KC1IN Laptop","","149990.0","0.0","0","10"
"true","LAPTOP","Samsung Galaxy Book 3 Pro 14 NP940XFG-KC4IN Laptop laptop","LAP-000069","https://res.cloudinary.com/dngvbsauf/image/upload/v1788367045/tech-store/laptops/template-05.jpg","false","Samsung Galaxy Book 3 Pro 14 NP940XFG-KC4IN Laptop","","139990.0","0.0","0","10"
"true","LAPTOP","Samsung Galaxy Book 3 Pro 14 NP940XFG-KC5IN Laptop laptop","LAP-000070","https://res.cloudinary.com/dngvbsauf/image/upload/v1788367046/tech-store/laptops/template-06.jpg","false","Samsung Galaxy Book 3 Pro 14 NP940XFG-KC5IN Laptop","","155990.0","0.0","0","10"
"true","LAPTOP","Samsung Galaxy Book 3 Pro 14 NP940XFG-KC1IN Laptop laptop","LAP-000071","https://res.cloudinary.com/dngvbsauf/image/upload/v1788367048/tech-store/laptops/template-07.jpg","false","Samsung Galaxy Book 3 Pro 14 NP940XFG-KC1IN Laptop","","131990.0","0.0","0","10"
"true","LAPTOP","Samsung Galaxy Book 3 360 15 NP750QFG-KA2IN Laptop laptop","LAP-000072","https://res.cloudinary.com/dngvbsauf/image/upload/v1788367049/tech-store/laptops/template-08.png","false","Samsung Galaxy Book 3 360 15 NP750QFG-KA2IN Laptop","","114990.0","0.0","0","10"
"true","LAPTOP","Lenovo V15 ‎82C70005UK Laptop laptop","LAP-000073","https://res.cloudinary.com/dngvbsauf/image/upload/v1788367038/tech-store/laptops/template-01.png","false","Lenovo V15 ‎82C70005UK Laptop","","38490.0","0.0","0","10"
"true","LAPTOP","Samsung Galaxy Book 3 360 13 NP730QFG-KA1IN Laptop laptop","LAP-000074","https://res.cloudinary.com/dngvbsauf/image/upload/v1788367040/tech-store/laptops/template-02.jpg","false","Samsung Galaxy Book 3 360 13 NP730QFG-KA1IN Laptop","","109990.0","0.0","0","10"
"true","LAPTOP","Samsung Galaxy Book 3 360 13 NP730QFG-KA3IN Laptop laptop","LAP-000075","https://res.cloudinary.com/dngvbsauf/image/upload/v1788367041/tech-store/laptops/template-03.png","false","Samsung Galaxy Book 3 360 13 NP730QFG-KA3IN Laptop","","133990.0","0.0","0","10"
"true","LAPTOP","Samsung Galaxy Book 3 360 13 NP730QFG-KA2IN Laptop laptop","LAP-000076","https://res.cloudinary.com/dngvbsauf/image/upload/v1788367043/tech-store/laptops/template-04.png","false","Samsung Galaxy Book 3 360 13 NP730QFG-KA2IN Laptop","","117990.0","0.0","0","10"
"true","LAPTOP","Samsung Galaxy Book 3 Pro 360 NP960QFG-KA2IN Laptop laptop","LAP-000077","https://res.cloudinary.com/dngvbsauf/image/upload/v1788367045/tech-store/laptops/template-05.jpg","false","Samsung Galaxy Book 3 Pro 360 NP960QFG-KA2IN Laptop","","155990.0","0.0","0","10"
"true","LAPTOP","Samsung Galaxy Book 3 Pro NP960XFG-KC2IN Laptop laptop","LAP-000078","https://res.cloudinary.com/dngvbsauf/image/upload/v1788367046/tech-store/laptops/template-06.jpg","false","Samsung Galaxy Book 3 Pro NP960XFG-KC2IN Laptop","","165990.0","0.0","0","10"
"true","LAPTOP","Samsung Galaxy Book 3 Pro 360 NP960QFG-KA1IN Laptop laptop","LAP-000079","https://res.cloudinary.com/dngvbsauf/image/upload/v1788367048/tech-store/laptops/template-07.jpg","false","Samsung Galaxy Book 3 Pro 360 NP960QFG-KA1IN Laptop","","163990.0","0.0","0","10"
"true","LAPTOP","Samsung Galaxy Book 3 360 NP750QFG-KA1IN Laptop laptop","LAP-000080","https://res.cloudinary.com/dngvbsauf/image/upload/v1788367049/tech-store/laptops/template-08.png","false","Samsung Galaxy Book 3 360 NP750QFG-KA1IN Laptop","","122990.0","0.0","0","10"
"true","LAPTOP","Samsung Galaxy Book 3 Pro 360 NP960QFG-KA3IN Laptop laptop","LAP-000081","https://res.cloudinary.com/dngvbsauf/image/upload/v1788367038/tech-store/laptops/template-01.png","false","Samsung Galaxy Book 3 Pro 360 NP960QFG-KA3IN Laptop","","179990.0","0.0","0","10"
"true","LAPTOP","Lenovo IdeaPad Gaming 3 82K1017WIN Laptop laptop","LAP-000082","https://res.cloudinary.com/dngvbsauf/image/upload/v1788367040/tech-store/laptops/template-02.jpg","false","Lenovo IdeaPad Gaming 3 82K1017WIN Laptop","","52900.0","0.0","0","10"
"true","LAPTOP","Acer One 14 Z2-493 Laptop laptop","LAP-000083","https://res.cloudinary.com/dngvbsauf/image/upload/v1788367041/tech-store/laptops/template-03.png","false","Acer One 14 Z2-493 Laptop","","25990.0","0.0","0","10"
"true","LAPTOP","Dell Inspiron 3525 D560789WIN9S Laptop laptop","LAP-000084","https://res.cloudinary.com/dngvbsauf/image/upload/v1788367043/tech-store/laptops/template-04.png","false","Dell Inspiron 3525 D560789WIN9S Laptop","","49441.0","0.0","0","10"
"true","LAPTOP","Acer Aspire 3 A315-59 Laptop laptop","LAP-000085","https://res.cloudinary.com/dngvbsauf/image/upload/v1788367045/tech-store/laptops/template-05.jpg","false","Acer Aspire 3 A315-59 Laptop","","39990.0","0.0","0","10"
"true","LAPTOP","Lenovo IdeaPad Gaming 3 82K201Y9IN Laptop laptop","LAP-000086","https://res.cloudinary.com/dngvbsauf/image/upload/v1788367046/tech-store/laptops/template-06.jpg","false","Lenovo IdeaPad Gaming 3 82K201Y9IN Laptop","","56990.0","0.0","0","10"
"true","LAPTOP","Lenovo IdeaPad Flex 5 82R9008GIN Laptop laptop","LAP-000087","https://res.cloudinary.com/dngvbsauf/image/upload/v1788367048/tech-store/laptops/template-07.jpg","false","Lenovo IdeaPad Flex 5 82R9008GIN Laptop","","61590.0","0.0","0","10"
"true","LAPTOP","HP Pavilion 15s-eq2182AU Laptop laptop","LAP-000088","https://res.cloudinary.com/dngvbsauf/image/upload/v1788367049/tech-store/laptops/template-08.png","false","HP Pavilion 15s-eq2182AU Laptop","","49123.0","0.0","0","10"
"true","LAPTOP","HP Victus 15-fa0350TX Laptop laptop","LAP-000089","https://res.cloudinary.com/dngvbsauf/image/upload/v1788367038/tech-store/laptops/template-01.png","false","HP Victus 15-fa0350TX Laptop","","77990.0","0.0","0","10"
"true","LAPTOP","Asus TUF Gaming A15 2022 FA577RE-HN055WS Gaming Laptop laptop","LAP-000090","https://res.cloudinary.com/dngvbsauf/image/upload/v1788367040/tech-store/laptops/template-02.jpg","false","Asus TUF Gaming A15 2022 FA577RE-HN055WS Gaming Laptop","","96085.0","0.0","0","10"
"true","LAPTOP","HP Victus 16-e0352AX Gaming Laptop laptop","LAP-000091","https://res.cloudinary.com/dngvbsauf/image/upload/v1788367041/tech-store/laptops/template-03.png","false","HP Victus 16-e0352AX Gaming Laptop","","63990.0","0.0","0","10"
"true","LAPTOP","Asus TUF Gaming F15 FX506LHB-HN355WS Gaming Laptop laptop","LAP-000092","https://res.cloudinary.com/dngvbsauf/image/upload/v1788367043/tech-store/laptops/template-04.png","false","Asus TUF Gaming F15 FX506LHB-HN355WS Gaming Laptop","","54990.0","0.0","0","10"
"true","LAPTOP","HP Pavilion 15-eg2002TU Laptop laptop","LAP-000093","https://res.cloudinary.com/dngvbsauf/image/upload/v1788367045/tech-store/laptops/template-05.jpg","false","HP Pavilion 15-eg2002TU Laptop","","69990.0","0.0","0","10"
"true","LAPTOP","Samsung Galaxy Book2 Pro 360 15 Laptop laptop","LAP-000094","https://res.cloudinary.com/dngvbsauf/image/upload/v1788367046/tech-store/laptops/template-06.jpg","false","Samsung Galaxy Book2 Pro 360 15 Laptop","","129990.0","0.0","0","10"
"true","LAPTOP","Dell Vostro 3510 Laptop laptop","LAP-000095","https://res.cloudinary.com/dngvbsauf/image/upload/v1788367048/tech-store/laptops/template-07.jpg","false","Dell Vostro 3510 Laptop","","37990.0","0.0","0","10"
"true","LAPTOP","Asus VivoBook K15 OLED KM513UA-L503WS Laptop laptop","LAP-000096","https://res.cloudinary.com/dngvbsauf/image/upload/v1788367049/tech-store/laptops/template-08.png","false","Asus VivoBook K15 OLED KM513UA-L503WS Laptop","","47990.0","0.0","0","10"
"true","LAPTOP","HP 14s-fq1092au Laptop laptop","LAP-000097","https://res.cloudinary.com/dngvbsauf/image/upload/v1788367038/tech-store/laptops/template-01.png","false","HP 14s-fq1092au Laptop","","46058.0","0.0","0","10"
"true","LAPTOP","Microsoft Surface Laptop Go 1943 THJ-00023 Laptop laptop","LAP-000098","https://res.cloudinary.com/dngvbsauf/image/upload/v1788367040/tech-store/laptops/template-02.jpg","false","Microsoft Surface Laptop Go 1943 THJ-00023 Laptop","","67000.0","0.0","0","10"
"true","LAPTOP","HP 245 G8 689T3PA Laptop laptop","LAP-000099","https://res.cloudinary.com/dngvbsauf/image/upload/v1788367041/tech-store/laptops/template-03.png","false","HP 245 G8 689T3PA Laptop","","27989.0","0.0","0","10"
"true","LAPTOP","Lenovo IdeaPad 3i ‎82RJ005BUS Laptop laptop","LAP-000100","https://res.cloudinary.com/dngvbsauf/image/upload/v1788367043/tech-store/laptops/template-04.png","false","Lenovo IdeaPad 3i ‎82RJ005BUS Laptop","","49990.0","0.0","0","10"
"true","LAPTOP","Apple MacBook Pro 16 inch Laptop laptop","LAP-000101","https://res.cloudinary.com/dngvbsauf/image/upload/v1788367045/tech-store/laptops/template-05.jpg","false","Apple MacBook Pro 16 inch Laptop","","349900.0","0.0","0","10"
"true","LAPTOP","Samsung Galaxy Book 2 NP550XED-KA3IN Laptop laptop","LAP-000102","https://res.cloudinary.com/dngvbsauf/image/upload/v1788367046/tech-store/laptops/template-06.jpg","false","Samsung Galaxy Book 2 NP550XED-KA3IN Laptop","","72990.0","0.0","0","10"
"true","LAPTOP","Asus VivoBook 15 K513EP-BQ1093T Laptop laptop","LAP-000103","https://res.cloudinary.com/dngvbsauf/image/upload/v1788367048/tech-store/laptops/template-07.jpg","false","Asus VivoBook 15 K513EP-BQ1093T Laptop","","45990.0","0.0","0","10"
"true","LAPTOP","Lenovo IdeaPad Gaming 3 15IHU6 82K101GSIN Laptop laptop","LAP-000104","https://res.cloudinary.com/dngvbsauf/image/upload/v1788367049/tech-store/laptops/template-08.png","false","Lenovo IdeaPad Gaming 3 15IHU6 82K101GSIN Laptop","","54990.0","0.0","0","10"
"true","LAPTOP","Asus VivoBook 14 X415EA-EK701WS Laptop laptop","LAP-000105","https://res.cloudinary.com/dngvbsauf/image/upload/v1788367038/tech-store/laptops/template-01.png","false","Asus VivoBook 14 X415EA-EK701WS Laptop","","56990.0","0.0","0","10"
"true","LAPTOP","Asus VivoBook 14 2022 X1402ZA-EK312WS Laptop laptop","LAP-000106","https://res.cloudinary.com/dngvbsauf/image/upload/v1788367040/tech-store/laptops/template-02.jpg","false","Asus VivoBook 14 2022 X1402ZA-EK312WS Laptop","","40990.0","0.0","0","10"
"true","LAPTOP","HP 247 G8 600A9PA Laptop laptop","LAP-000107","https://res.cloudinary.com/dngvbsauf/image/upload/v1788367041/tech-store/laptops/template-03.png","false","HP 247 G8 600A9PA Laptop","","32999.0","0.0","0","10"
"true","LAPTOP","Asus Vivobook Pro 16 OLED K6602HC-N1902WS Gaming Laptop laptop","LAP-000108","https://res.cloudinary.com/dngvbsauf/image/upload/v1788367043/tech-store/laptops/template-04.png","false","Asus Vivobook Pro 16 OLED K6602HC-N1902WS Gaming Laptop","","87990.0","0.0","0","10"
"true","LAPTOP","Acer Swift 3 OLED SF314-71 NX.KAVSI.001 Laptop laptop","LAP-000109","https://res.cloudinary.com/dngvbsauf/image/upload/v1788367045/tech-store/laptops/template-05.jpg","false","Acer Swift 3 OLED SF314-71 NX.KAVSI.001 Laptop","","115999.0","0.0","0","10"
"true","LAPTOP","Dell Latitude 3430 Laptop laptop","LAP-000110","https://res.cloudinary.com/dngvbsauf/image/upload/v1788367046/tech-store/laptops/template-06.jpg","false","Dell Latitude 3430 Laptop","","108000.0","0.0","0","10"
"true","LAPTOP","HP Pavilion 15-eg2018TX Laptop laptop","LAP-000111","https://res.cloudinary.com/dngvbsauf/image/upload/v1788367048/tech-store/laptops/template-07.jpg","false","HP Pavilion 15-eg2018TX Laptop","","75070.0","0.0","0","10"
"true","LAPTOP","Microsoft Surface Pro 9 QEZ-00065 Laptop laptop","LAP-000112","https://res.cloudinary.com/dngvbsauf/image/upload/v1788367049/tech-store/laptops/template-08.png","false","Microsoft Surface Pro 9 QEZ-00065 Laptop","","99999.0","0.0","0","10"
"true","LAPTOP","HP 247 G8 ‎6B5R3PA Laptop laptop","LAP-000113","https://res.cloudinary.com/dngvbsauf/image/upload/v1788367038/tech-store/laptops/template-01.png","false","HP 247 G8 ‎6B5R3PA Laptop","","30020.0","0.0","0","10"
"true","LAPTOP","HP Omen 16-n0079AX Gaming Laptop laptop","LAP-000114","https://res.cloudinary.com/dngvbsauf/image/upload/v1788367040/tech-store/laptops/template-02.jpg","false","HP Omen 16-n0079AX Gaming Laptop","","108290.0","0.0","0","10"
"true","LAPTOP","Asus VivoBook 14 2022 X1402ZA-MW511WS Laptop laptop","LAP-000115","https://res.cloudinary.com/dngvbsauf/image/upload/v1788367041/tech-store/laptops/template-03.png","false","Asus VivoBook 14 2022 X1402ZA-MW511WS Laptop","","66990.0","0.0","0","10"
"true","LAPTOP","HP 14s-dr3001TU Laptop laptop","LAP-000116","https://res.cloudinary.com/dngvbsauf/image/upload/v1788367043/tech-store/laptops/template-04.png","false","HP 14s-dr3001TU Laptop","","30990.0","0.0","0","10"
"true","LAPTOP","Asus VivoBook 14 X415JA-EK522WS Laptop laptop","LAP-000117","https://res.cloudinary.com/dngvbsauf/image/upload/v1788367045/tech-store/laptops/template-05.jpg","false","Asus VivoBook 14 X415JA-EK522WS Laptop","","41990.0","0.0","0","10"
"true","LAPTOP","Asus Chromebook Flip C214MA-BU0704 Laptop laptop","LAP-000118","https://res.cloudinary.com/dngvbsauf/image/upload/v1788367046/tech-store/laptops/template-06.jpg","false","Asus Chromebook Flip C214MA-BU0704 Laptop","","15990.0","0.0","0","10"
"true","LAPTOP","Lenovo IdeaPad Gaming 3 15IAH7 82S900R6IN Laptop laptop","LAP-000119","https://res.cloudinary.com/dngvbsauf/image/upload/v1788367048/tech-store/laptops/template-07.jpg","false","Lenovo IdeaPad Gaming 3 15IAH7 82S900R6IN Laptop","","80990.0","0.0","0","10"
"true","LAPTOP","Acer Predator Helios 300 PH315-55 Gaming Laptop laptop","LAP-000120","https://res.cloudinary.com/dngvbsauf/image/upload/v1788367049/tech-store/laptops/template-08.png","false","Acer Predator Helios 300 PH315-55 Gaming Laptop","","158990.0","0.0","0","10"
"true","LAPTOP","Acer Extensa 15 EX215-54 Laptop laptop","LAP-000121","https://res.cloudinary.com/dngvbsauf/image/upload/v1788367038/tech-store/laptops/template-01.png","false","Acer Extensa 15 EX215-54 Laptop","","33990.0","0.0","0","10"
"true","LAPTOP","Asus ProArt StudioBook Pro 16 OLED H7600ZM-L701WS Laptop laptop","LAP-000122","https://res.cloudinary.com/dngvbsauf/image/upload/v1788367040/tech-store/laptops/template-02.jpg","false","Asus ProArt StudioBook Pro 16 OLED H7600ZM-L701WS Laptop","","198490.0","0.0","0","10"
"true","LAPTOP","Asus VivoBook 15 X515JA-EJ382WS Laptop laptop","LAP-000123","https://res.cloudinary.com/dngvbsauf/image/upload/v1788367041/tech-store/laptops/template-03.png","false","Asus VivoBook 15 X515JA-EJ382WS Laptop","","33575.0","0.0","0","10"
"true","LAPTOP","MSI Bravo 15 B5DD-410IN Gaming Laptop laptop","LAP-000124","https://res.cloudinary.com/dngvbsauf/image/upload/v1788367043/tech-store/laptops/template-04.png","false","MSI Bravo 15 B5DD-410IN Gaming Laptop","","48890.0","0.0","0","10"
"true","LAPTOP","Infinix INBook X1 Neo Laptop laptop","LAP-000125","https://res.cloudinary.com/dngvbsauf/image/upload/v1788367045/tech-store/laptops/template-05.jpg","false","Infinix INBook X1 Neo Laptop","","22990.0","0.0","0","10"
"true","LAPTOP","Asus TUF Dash F15 2022 FX517ZC-HN108WS Gaming Laptop laptop","LAP-000126","https://res.cloudinary.com/dngvbsauf/image/upload/v1788367046/tech-store/laptops/template-06.jpg","false","Asus TUF Dash F15 2022 FX517ZC-HN108WS Gaming Laptop","","95990.0","0.0","0","10"
"true","LAPTOP","Asus VivoBook 15 X515EA-EJ522WS Laptop laptop","LAP-000127","https://res.cloudinary.com/dngvbsauf/image/upload/v1788367048/tech-store/laptops/template-07.jpg","false","Asus VivoBook 15 X515EA-EJ522WS Laptop","","46990.0","0.0","0","10"
"true","LAPTOP","Asus Vivobook 15 2022 X1502ZA-EZ311WS Touch Laptop laptop","LAP-000128","https://res.cloudinary.com/dngvbsauf/image/upload/v1788367049/tech-store/laptops/template-08.png","false","Asus Vivobook 15 2022 X1502ZA-EZ311WS Touch Laptop","","43879.0","0.0","0","10"
"true","LAPTOP","HP 14s-dy2507TU Laptop laptop","LAP-000129","https://res.cloudinary.com/dngvbsauf/image/upload/v1788367038/tech-store/laptops/template-01.png","false","HP 14s-dy2507TU Laptop","","35490.0","0.0","0","10"
"true","LAPTOP","HP Pavilion 15s-fq5112TU Laptop laptop","LAP-000130","https://res.cloudinary.com/dngvbsauf/image/upload/v1788367040/tech-store/laptops/template-02.jpg","false","HP Pavilion 15s-fq5112TU Laptop","","62490.0","0.0","0","10"
"true","LAPTOP","Asus TUF Gaming F15 laptop","LAP-000131","https://res.cloudinary.com/dngvbsauf/image/upload/v1788367041/tech-store/laptops/template-03.png","false","Asus TUF Gaming F15","","94990.0","0.0","0","10"
"true","LAPTOP","Asus ROG Strix G17 2022 G713IE-HX040W Gaming Laptop laptop","LAP-000132","https://res.cloudinary.com/dngvbsauf/image/upload/v1788367043/tech-store/laptops/template-04.png","false","Asus ROG Strix G17 2022 G713IE-HX040W Gaming Laptop","","87990.0","0.0","0","10"
"true","LAPTOP","Infinix INBook X1 Neo XL22 Laptop laptop","LAP-000133","https://res.cloudinary.com/dngvbsauf/image/upload/v1788367045/tech-store/laptops/template-05.jpg","false","Infinix INBook X1 Neo XL22 Laptop","","29990.0","0.0","0","10"
"true","LAPTOP","Asus TUF Dash F15 2022 FX517ZC-HN083WS Gaming Laptop laptop","LAP-000134","https://res.cloudinary.com/dngvbsauf/image/upload/v1788367046/tech-store/laptops/template-06.jpg","false","Asus TUF Dash F15 2022 FX517ZC-HN083WS Gaming Laptop","","77990.0","0.0","0","10"
"true","LAPTOP","Acer Nitro 5 AN515-56 Gaming Laptop laptop","LAP-000135","https://res.cloudinary.com/dngvbsauf/image/upload/v1788367048/tech-store/laptops/template-07.jpg","false","Acer Nitro 5 AN515-56 Gaming Laptop","","62990.0","0.0","0","10"
"true","LAPTOP","Acer Aspire 5 A515-57G Gaming Laptop laptop","LAP-000136","https://res.cloudinary.com/dngvbsauf/image/upload/v1788367049/tech-store/laptops/template-08.png","false","Acer Aspire 5 A515-57G Gaming Laptop","","59999.0","0.0","0","10"
"true","LAPTOP","Lenovo IdeaPad Slim 1 82R1004AIN Laptop laptop","LAP-000137","https://res.cloudinary.com/dngvbsauf/image/upload/v1788367038/tech-store/laptops/template-01.png","false","Lenovo IdeaPad Slim 1 82R1004AIN Laptop","","40026.0","0.0","0","10"
"true","LAPTOP","Acer Aspire 7 A715-75G NH.QGBSI.001 Gaming Laptop laptop","LAP-000138","https://res.cloudinary.com/dngvbsauf/image/upload/v1788367040/tech-store/laptops/template-02.jpg","false","Acer Aspire 7 A715-75G NH.QGBSI.001 Gaming Laptop","","57990.0","0.0","0","10"
"true","LAPTOP","Lenovo IdeaPad Gaming 3 82K201ULIN Laptop laptop","LAP-000139","https://res.cloudinary.com/dngvbsauf/image/upload/v1788367041/tech-store/laptops/template-03.png","false","Lenovo IdeaPad Gaming 3 82K201ULIN Laptop","","71990.0","0.0","0","10"
"true","LAPTOP","Asus TUF Dash F15 2022 FX517ZC-HN035WS Gaming Laptop laptop","LAP-000140","https://res.cloudinary.com/dngvbsauf/image/upload/v1788367043/tech-store/laptops/template-04.png","false","Asus TUF Dash F15 2022 FX517ZC-HN035WS Gaming Laptop","","75990.0","0.0","0","10"
"true","LAPTOP","Asus Vivobook Pro 14 OLED M3400QA-KM512WS Gaming Laptop laptop","LAP-000141","https://res.cloudinary.com/dngvbsauf/image/upload/v1788367045/tech-store/laptops/template-05.jpg","false","Asus Vivobook Pro 14 OLED M3400QA-KM512WS Gaming Laptop","","59990.0","0.0","0","10"
"true","LAPTOP","HP Pavilion 15-eg2039TU Laptop laptop","LAP-000142","https://res.cloudinary.com/dngvbsauf/image/upload/v1788367046/tech-store/laptops/template-06.jpg","false","HP Pavilion 15-eg2039TU Laptop","","85990.0","0.0","0","10"
"true","LAPTOP","HP Pavilion 14-dv2041TU Laptop laptop","LAP-000143","https://res.cloudinary.com/dngvbsauf/image/upload/v1788367048/tech-store/laptops/template-07.jpg","false","HP Pavilion 14-dv2041TU Laptop","","71990.0","0.0","0","10"
"true","LAPTOP","MSI Gaming Crosshair 15 B12UEZ-677IN Laptop laptop","LAP-000144","https://res.cloudinary.com/dngvbsauf/image/upload/v1788367049/tech-store/laptops/template-08.png","false","MSI Gaming Crosshair 15 B12UEZ-677IN Laptop","","111000.0","0.0","0","10"
"true","LAPTOP","Apple MacBook Pro 2022 Laptop laptop","LAP-000145","https://res.cloudinary.com/dngvbsauf/image/upload/v1788367038/tech-store/laptops/template-01.png","false","Apple MacBook Pro 2022 Laptop","","139990.0","0.0","0","10"
"true","LAPTOP","HP Pavilion 14-dv2015TU Laptop laptop","LAP-000146","https://res.cloudinary.com/dngvbsauf/image/upload/v1788367040/tech-store/laptops/template-02.jpg","false","HP Pavilion 14-dv2015TU Laptop","","84990.0","0.0","0","10"
"true","LAPTOP","Asus Vivobook 15 2022 X1502ZA-BQ502WS Laptop laptop","LAP-000147","https://res.cloudinary.com/dngvbsauf/image/upload/v1788367041/tech-store/laptops/template-03.png","false","Asus Vivobook 15 2022 X1502ZA-BQ502WS Laptop","","56825.0","0.0","0","10"
"true","LAPTOP","Dell G15-5511 Gaming Laptop laptop","LAP-000148","https://res.cloudinary.com/dngvbsauf/image/upload/v1788367043/tech-store/laptops/template-04.png","false","Dell G15-5511 Gaming Laptop","","68102.0","0.0","0","10"
"true","LAPTOP","Dell G15-5520 Laptop laptop","LAP-000149","https://res.cloudinary.com/dngvbsauf/image/upload/v1788367045/tech-store/laptops/template-05.jpg","false","Dell G15-5520 Laptop","","108400.0","0.0","0","10"
"true","LAPTOP","Acer Aspire 3 A315-58 Laptop laptop","LAP-000150","https://res.cloudinary.com/dngvbsauf/image/upload/v1788367046/tech-store/laptops/template-06.jpg","false","Acer Aspire 3 A315-58 Laptop","","43490.0","0.0","0","10"
"true","LAPTOP","HP Pavilion 15-EC2048AX Gaming Laptop laptop","LAP-000151","https://res.cloudinary.com/dngvbsauf/image/upload/v1788367048/tech-store/laptops/template-07.jpg","false","HP Pavilion 15-EC2048AX Gaming Laptop","","69028.0","0.0","0","10"
"true","LAPTOP","Dell Inspiron 3525 Laptop laptop","LAP-000152","https://res.cloudinary.com/dngvbsauf/image/upload/v1788367049/tech-store/laptops/template-08.png","false","Dell Inspiron 3525 Laptop","","33000.0","0.0","0","10"
"true","LAPTOP","Avita Satus Ultimus S111 Laptop laptop","LAP-000153","https://res.cloudinary.com/dngvbsauf/image/upload/v1788367038/tech-store/laptops/template-01.png","false","Avita Satus Ultimus S111 Laptop","","16990.0","0.0","0","10"
"true","LAPTOP","Samsung Galaxy Book Go Laptop laptop","LAP-000154","https://res.cloudinary.com/dngvbsauf/image/upload/v1788367040/tech-store/laptops/template-02.jpg","false","Samsung Galaxy Book Go Laptop","","32990.0","0.0","0","10"
"true","LAPTOP","Asus Vivobook 13 Slate OLED T3300KA-LQ122WS Laptop laptop","LAP-000155","https://res.cloudinary.com/dngvbsauf/image/upload/v1788367041/tech-store/laptops/template-03.png","false","Asus Vivobook 13 Slate OLED T3300KA-LQ122WS Laptop","","29990.0","0.0","0","10"
"true","LAPTOP","Asus VivoBook 15 X515EA-EJ322WS Laptop laptop","LAP-000156","https://res.cloudinary.com/dngvbsauf/image/upload/v1788367043/tech-store/laptops/template-04.png","false","Asus VivoBook 15 X515EA-EJ322WS Laptop","","35990.0","0.0","0","10"
"true","LAPTOP","Lenovo Ideapad 15ALC6 82KU017KIN Laptop laptop","LAP-000157","https://res.cloudinary.com/dngvbsauf/image/upload/v1788367045/tech-store/laptops/template-05.jpg","false","Lenovo Ideapad 15ALC6 82KU017KIN Laptop","","47799.0","0.0","0","10"
"true","LAPTOP","HP Pavilion 15-EC2146AX Gaming Laptop laptop","LAP-000158","https://res.cloudinary.com/dngvbsauf/image/upload/v1788367046/tech-store/laptops/template-06.jpg","false","HP Pavilion 15-EC2146AX Gaming Laptop","","73758.0","0.0","0","10"
"true","LAPTOP","Infinix INBook X1 XL11 Laptop laptop","LAP-000159","https://res.cloudinary.com/dngvbsauf/image/upload/v1788367048/tech-store/laptops/template-07.jpg","false","Infinix INBook X1 XL11 Laptop","","37490.0","0.0","0","10"
"true","LAPTOP","Apple MacBook Pro 14 inch MKGP3HN Laptop laptop","LAP-000160","https://res.cloudinary.com/dngvbsauf/image/upload/v1788367049/tech-store/laptops/template-08.png","false","Apple MacBook Pro 14 inch MKGP3HN Laptop","","171594.0","0.0","0","10"
"true","LAPTOP","HP Victus 16-e0162AX Gaming Laptop laptop","LAP-000161","https://res.cloudinary.com/dngvbsauf/image/upload/v1788367038/tech-store/laptops/template-01.png","false","HP Victus 16-e0162AX Gaming Laptop","","61490.0","0.0","0","10"
"true","LAPTOP","Dell Inspiron 3511 Laptop laptop","LAP-000162","https://res.cloudinary.com/dngvbsauf/image/upload/v1788367040/tech-store/laptops/template-02.jpg","false","Dell Inspiron 3511 Laptop","","59306.0","0.0","0","10"
"true","LAPTOP","Dell Latitude 5420 Laptop laptop","LAP-000163","https://res.cloudinary.com/dngvbsauf/image/upload/v1788367041/tech-store/laptops/template-03.png","false","Dell Latitude 5420 Laptop","","74500.0","0.0","0","10"
"true","LAPTOP","HP Pavilion 15-DK2100TX Gaming Laptop laptop","LAP-000164","https://res.cloudinary.com/dngvbsauf/image/upload/v1788367043/tech-store/laptops/template-04.png","false","HP Pavilion 15-DK2100TX Gaming Laptop","","66990.0","0.0","0","10"
"true","LAPTOP","Dell Inspiron 5518 Laptop laptop","LAP-000165","https://res.cloudinary.com/dngvbsauf/image/upload/v1788367045/tech-store/laptops/template-05.jpg","false","Dell Inspiron 5518 Laptop","","67990.0","0.0","0","10"
"true","LAPTOP","Xiaomi Mi Notebook Pro 14 Laptop laptop","LAP-000166","https://res.cloudinary.com/dngvbsauf/image/upload/v1788367046/tech-store/laptops/template-06.jpg","false","Xiaomi Mi Notebook Pro 14 Laptop","","58355.0","0.0","0","10"
"true","LAPTOP","HP 15s-GR0012AU Laptop laptop","LAP-000167","https://res.cloudinary.com/dngvbsauf/image/upload/v1788367048/tech-store/laptops/template-07.jpg","false","HP 15s-GR0012AU Laptop","","44990.0","0.0","0","10"
"true","LAPTOP","HP EliteBook 840 G6 laptop","LAP-000168","https://res.cloudinary.com/dngvbsauf/image/upload/v1788367049/tech-store/laptops/template-08.png","false","HP EliteBook 840 G6","","90464.0","0.0","0","10"
"true","LAPTOP","HP 15s-fq2717TU Laptop laptop","LAP-000169","https://res.cloudinary.com/dngvbsauf/image/upload/v1788367038/tech-store/laptops/template-01.png","false","HP 15s-fq2717TU Laptop","","41990.0","0.0","0","10"
"true","LAPTOP","Asus VivoBook 15 X515EA-EJ701WS Laptop laptop","LAP-000170","https://res.cloudinary.com/dngvbsauf/image/upload/v1788367040/tech-store/laptops/template-02.jpg","false","Asus VivoBook 15 X515EA-EJ701WS Laptop","","54990.0","0.0","0","10"
"true","LAPTOP","HP 245 G8 Laptop laptop","LAP-000171","https://res.cloudinary.com/dngvbsauf/image/upload/v1788367041/tech-store/laptops/template-03.png","false","HP 245 G8 Laptop","","25999.0","0.0","0","10"
"true","LAPTOP","HP 15s-eq2146AU Laptop laptop","LAP-000172","https://res.cloudinary.com/dngvbsauf/image/upload/v1788367043/tech-store/laptops/template-04.png","false","HP 15s-eq2146AU Laptop","","40490.0","0.0","0","10"
"true","LAPTOP","Lenovo V15 82KBA01TIH Laptop laptop","LAP-000173","https://res.cloudinary.com/dngvbsauf/image/upload/v1788367045/tech-store/laptops/template-05.jpg","false","Lenovo V15 82KBA01TIH Laptop","","49490.0","0.0","0","10"
"true","LAPTOP","Apple MacBook Pro M2 2022 Laptop laptop","LAP-000174","https://res.cloudinary.com/dngvbsauf/image/upload/v1788367046/tech-store/laptops/template-06.jpg","false","Apple MacBook Pro M2 2022 Laptop","","168900.0","0.0","0","10"
"true","LAPTOP","Lenovo V15 82KDA01UIH Laptop laptop","LAP-000175","https://res.cloudinary.com/dngvbsauf/image/upload/v1788367048/tech-store/laptops/template-07.jpg","false","Lenovo V15 82KDA01UIH Laptop","","32990.0","0.0","0","10"
"true","LAPTOP","Lenovo Yoga 9i 83B1002GIN Laptop laptop","LAP-000176","https://res.cloudinary.com/dngvbsauf/image/upload/v1788367049/tech-store/laptops/template-08.png","false","Lenovo Yoga 9i 83B1002GIN Laptop","","174990.0","0.0","0","10"
"true","LAPTOP","Honor MagicBook X14 Laptop laptop","LAP-000177","https://res.cloudinary.com/dngvbsauf/image/upload/v1788367038/tech-store/laptops/template-01.png","false","Honor MagicBook X14 Laptop","","46990.0","0.0","0","10"
"true","LAPTOP","Chuwi CoreBook X Laptop laptop","LAP-000178","https://res.cloudinary.com/dngvbsauf/image/upload/v1788367040/tech-store/laptops/template-02.jpg","false","Chuwi CoreBook X Laptop","","33990.0","0.0","0","10"
"true","LAPTOP","Dell Inspiron 15 3520 D560915WIN9S Laptop laptop","LAP-000179","https://res.cloudinary.com/dngvbsauf/image/upload/v1788367041/tech-store/laptops/template-03.png","false","Dell Inspiron 15 3520 D560915WIN9S Laptop","","46900.0","0.0","0","10"
"true","LAPTOP","Dell Inspiron 3520 D560866WIN9S Laptop laptop","LAP-000180","https://res.cloudinary.com/dngvbsauf/image/upload/v1788367043/tech-store/laptops/template-04.png","false","Dell Inspiron 3520 D560866WIN9S Laptop","","63690.0","0.0","0","10"
"true","LAPTOP","Lenovo V15 82KDA00YIH Laptop laptop","LAP-000181","https://res.cloudinary.com/dngvbsauf/image/upload/v1788367045/tech-store/laptops/template-05.jpg","false","Lenovo V15 82KDA00YIH Laptop","","42137.0","0.0","0","10"
"true","LAPTOP","HP 245 G8 3S7L2PA Laptop laptop","LAP-000182","https://res.cloudinary.com/dngvbsauf/image/upload/v1788367046/tech-store/laptops/template-06.jpg","false","HP 245 G8 3S7L2PA Laptop","","24990.0","0.0","0","10"
"true","LAPTOP","Acer Aspire 3 A314-35 UN.K0SSI.040 Laptop laptop","LAP-000183","https://res.cloudinary.com/dngvbsauf/image/upload/v1788367048/tech-store/laptops/template-07.jpg","false","Acer Aspire 3 A314-35 UN.K0SSI.040 Laptop","","37990.0","0.0","0","10"
"true","LAPTOP","Asus VivoBook 15 X1500EA-EJ3379WS Laptop laptop","LAP-000184","https://res.cloudinary.com/dngvbsauf/image/upload/v1788367049/tech-store/laptops/template-08.png","false","Asus VivoBook 15 X1500EA-EJ3379WS Laptop","","42990.0","0.0","0","10"
"true","LAPTOP","Lenovo V15 82KBA01KIH Laptop laptop","LAP-000185","https://res.cloudinary.com/dngvbsauf/image/upload/v1788367038/tech-store/laptops/template-01.png","false","Lenovo V15 82KBA01KIH Laptop","","52500.0","0.0","0","10"
"true","LAPTOP","HP 255 G8 Business Laptop laptop","LAP-000186","https://res.cloudinary.com/dngvbsauf/image/upload/v1788367040/tech-store/laptops/template-02.jpg","false","HP 255 G8 Business Laptop","","27390.0","0.0","0","10"
"true","LAPTOP","Lenovo E41-55 82FJ00ALIH Laptop laptop","LAP-000187","https://res.cloudinary.com/dngvbsauf/image/upload/v1788367041/tech-store/laptops/template-03.png","false","Lenovo E41-55 82FJ00ALIH Laptop","","18990.0","0.0","0","10"
"true","LAPTOP","Lenovo E41-55 82FJ00BLIH Laptop laptop","LAP-000188","https://res.cloudinary.com/dngvbsauf/image/upload/v1788367043/tech-store/laptops/template-04.png","false","Lenovo E41-55 82FJ00BLIH Laptop","","20990.0","0.0","0","10"
"true","LAPTOP","Dell Inspiron 5620 Laptop laptop","LAP-000189","https://res.cloudinary.com/dngvbsauf/image/upload/v1788367045/tech-store/laptops/template-05.jpg","false","Dell Inspiron 5620 Laptop","","98450.0","0.0","0","10"
"true","LAPTOP","Acer Aspire 7 A715-51G UN.QGCSI.002 Gaming Laptop laptop","LAP-000190","https://res.cloudinary.com/dngvbsauf/image/upload/v1788367046/tech-store/laptops/template-06.jpg","false","Acer Aspire 7 A715-51G UN.QGCSI.002 Gaming Laptop","","73990.0","0.0","0","10"
"true","LAPTOP","Asus VivoBook 14 X415EA-EK522WS Laptop laptop","LAP-000191","https://res.cloudinary.com/dngvbsauf/image/upload/v1788367048/tech-store/laptops/template-07.jpg","false","Asus VivoBook 14 X415EA-EK522WS Laptop","","49490.0","0.0","0","10"
"true","LAPTOP","Dell Alienware M15 R7 Gaming Laptop laptop","LAP-000192","https://res.cloudinary.com/dngvbsauf/image/upload/v1788367049/tech-store/laptops/template-08.png","false","Dell Alienware M15 R7 Gaming Laptop","","168990.0","0.0","0","10"
"true","LAPTOP","Asus Vivobook 16X M1603QA-MB512WS Laptop laptop","LAP-000193","https://res.cloudinary.com/dngvbsauf/image/upload/v1788367038/tech-store/laptops/template-01.png","false","Asus Vivobook 16X M1603QA-MB512WS Laptop","","54990.0","0.0","0","10"
"true","LAPTOP","Acer Extensa EX215-31 Laptop laptop","LAP-000194","https://res.cloudinary.com/dngvbsauf/image/upload/v1788367040/tech-store/laptops/template-02.jpg","false","Acer Extensa EX215-31 Laptop","","24990.0","0.0","0","10"
"true","LAPTOP","Asus Vivobook 15 2022 X1502ZA-EJ514WS Laptop laptop","LAP-000195","https://res.cloudinary.com/dngvbsauf/image/upload/v1788367041/tech-store/laptops/template-03.png","false","Asus Vivobook 15 2022 X1502ZA-EJ514WS Laptop","","56990.0","0.0","0","10"
"true","LAPTOP","Asus VivoBook 15 X1500EA-EJ522WS Laptop laptop","LAP-000196","https://res.cloudinary.com/dngvbsauf/image/upload/v1788367043/tech-store/laptops/template-04.png","false","Asus VivoBook 15 X1500EA-EJ522WS Laptop","","46890.0","0.0","0","10"
"true","LAPTOP","Lenovo IdeaPad 3 82KU017KIN Laptop laptop","LAP-000197","https://res.cloudinary.com/dngvbsauf/image/upload/v1788367045/tech-store/laptops/template-05.jpg","false","Lenovo IdeaPad 3 82KU017KIN Laptop","","45278.0","0.0","0","10"
"true","LAPTOP","Dell G15-5521 D560897WIN9S Gaming Laptop laptop","LAP-000198","https://res.cloudinary.com/dngvbsauf/image/upload/v1788367046/tech-store/laptops/template-06.jpg","false","Dell G15-5521 D560897WIN9S Gaming Laptop","","138990.0","0.0","0","10"
"true","LAPTOP","Dell Inspiron 5420 Laptop laptop","LAP-000199","https://res.cloudinary.com/dngvbsauf/image/upload/v1788367048/tech-store/laptops/template-07.jpg","false","Dell Inspiron 5420 Laptop","","79490.0","0.0","0","10"
"true","LAPTOP","HP 255 G8 6X4B2PA Laptop laptop","LAP-000200","https://res.cloudinary.com/dngvbsauf/image/upload/v1788367049/tech-store/laptops/template-08.png","false","HP 255 G8 6X4B2PA Laptop","","21633.0","0.0","0","10"
"true","LAPTOP","Asus Vivobook 15 OLED X1505ZA-L1511WS Laptop laptop","LAP-000201","https://res.cloudinary.com/dngvbsauf/image/upload/v1788367038/tech-store/laptops/template-01.png","false","Asus Vivobook 15 OLED X1505ZA-L1511WS Laptop","","67499.0","0.0","0","10"
"true","LAPTOP","Microsoft Surface Laptop 5 13.5 inch laptop","LAP-000202","https://res.cloudinary.com/dngvbsauf/image/upload/v1788367040/tech-store/laptops/template-02.jpg","false","Microsoft Surface Laptop 5 13.5 inch","","98990.0","0.0","0","10"
"true","LAPTOP","Infinix INBook X2 Plus XL25 Laptop laptop","LAP-000203","https://res.cloudinary.com/dngvbsauf/image/upload/v1788367041/tech-store/laptops/template-03.png","false","Infinix INBook X2 Plus XL25 Laptop","","34990.0","0.0","0","10"
"true","LAPTOP","Infinix INBook X2 Plus XL25 Laptop laptop","LAP-000204","https://res.cloudinary.com/dngvbsauf/image/upload/v1788367043/tech-store/laptops/template-04.png","false","Infinix INBook X2 Plus XL25 Laptop","","57990.0","0.0","0","10"
"true","LAPTOP","Infinix INBook X2 Plus XL25 Laptop laptop","LAP-000205","https://res.cloudinary.com/dngvbsauf/image/upload/v1788367045/tech-store/laptops/template-05.jpg","false","Infinix INBook X2 Plus XL25 Laptop","","47990.0","0.0","0","10"
"true","LAPTOP","Honor MagicBook 14 M-WFQ9AHNE Laptop laptop","LAP-000206","https://res.cloudinary.com/dngvbsauf/image/upload/v1788367046/tech-store/laptops/template-06.jpg","false","Honor MagicBook 14 M-WFQ9AHNE Laptop","","44990.0","0.0","0","10"
"true","LAPTOP","HP Victus 15-fa0092TX Laptop laptop","LAP-000207","https://res.cloudinary.com/dngvbsauf/image/upload/v1788367048/tech-store/laptops/template-07.jpg","false","HP Victus 15-fa0092TX Laptop","","81990.0","0.0","0","10"
"true","LAPTOP","HP ProBook 440 G8 Laptop laptop","LAP-000208","https://res.cloudinary.com/dngvbsauf/image/upload/v1788367049/tech-store/laptops/template-08.png","false","HP ProBook 440 G8 Laptop","","51990.0","0.0","0","10"
"true","LAPTOP","Lenovo Legion 5 82RB00K8IN Laptop laptop","LAP-000209","https://res.cloudinary.com/dngvbsauf/image/upload/v1788367038/tech-store/laptops/template-01.png","false","Lenovo Legion 5 82RB00K8IN Laptop","","141990.0","0.0","0","10"
"true","LAPTOP","Dell Inspiron 3520 D560879WIN9S Laptop laptop","LAP-000210","https://res.cloudinary.com/dngvbsauf/image/upload/v1788367040/tech-store/laptops/template-02.jpg","false","Dell Inspiron 3520 D560879WIN9S Laptop","","65990.0","0.0","0","10"
"true","LAPTOP","HP Omen 16-n0091AX Gaming Laptop laptop","LAP-000211","https://res.cloudinary.com/dngvbsauf/image/upload/v1788367041/tech-store/laptops/template-03.png","false","HP Omen 16-n0091AX Gaming Laptop","","115903.0","0.0","0","10"
"true","LAPTOP","MSI Modern 15 B12M-202IN Laptop laptop","LAP-000212","https://res.cloudinary.com/dngvbsauf/image/upload/v1788367043/tech-store/laptops/template-04.png","false","MSI Modern 15 B12M-202IN Laptop","","55490.0","0.0","0","10"
"true","LAPTOP","Lenovo Legion 5 Pro 16IAH7H 82RF00DYIN Gaming Laptop laptop","LAP-000213","https://res.cloudinary.com/dngvbsauf/image/upload/v1788367045/tech-store/laptops/template-05.jpg","false","Lenovo Legion 5 Pro 16IAH7H 82RF00DYIN Gaming Laptop","","164990.0","0.0","0","10"
"true","LAPTOP","Asus Vivobook Pro 15 OLED M3500QC-L1461WS Gaming Laptop laptop","LAP-000214","https://res.cloudinary.com/dngvbsauf/image/upload/v1788367046/tech-store/laptops/template-06.jpg","false","Asus Vivobook Pro 15 OLED M3500QC-L1461WS Gaming Laptop","","98500.0","0.0","0","10"
"true","LAPTOP","Lenovo V15 82C3001VSP Laptop laptop","LAP-000215","https://res.cloudinary.com/dngvbsauf/image/upload/v1788367048/tech-store/laptops/template-07.jpg","false","Lenovo V15 82C3001VSP Laptop","","21999.0","0.0","0","10"
"true","LAPTOP","Dell Inspiron 5320 Laptop laptop","LAP-000216","https://res.cloudinary.com/dngvbsauf/image/upload/v1788367049/tech-store/laptops/template-08.png","false","Dell Inspiron 5320 Laptop","","76490.0","0.0","0","10"
"true","LAPTOP","Asus TUF Gaming A15 2022 FA506QM-HN008W Gaming Laptop laptop","LAP-000217","https://res.cloudinary.com/dngvbsauf/image/upload/v1788367038/tech-store/laptops/template-01.png","false","Asus TUF Gaming A15 2022 FA506QM-HN008W Gaming Laptop","","89990.0","0.0","0","10"
"true","LAPTOP","Lenovo E41-55 AMD Laptop laptop","LAP-000218","https://res.cloudinary.com/dngvbsauf/image/upload/v1788367040/tech-store/laptops/template-02.jpg","false","Lenovo E41-55 AMD Laptop","","22999.0","0.0","0","10"
"true","LAPTOP","Asus VivoBook 14 2022 X1402ZA-EK391WS Laptop laptop","LAP-000219","https://res.cloudinary.com/dngvbsauf/image/upload/v1788367041/tech-store/laptops/template-03.png","false","Asus VivoBook 14 2022 X1402ZA-EK391WS Laptop","","38990.0","0.0","0","10"
"true","LAPTOP","Lenovo IdeaPad 3 82KU00LQIN Laptop laptop","LAP-000220","https://res.cloudinary.com/dngvbsauf/image/upload/v1788367043/tech-store/laptops/template-04.png","false","Lenovo IdeaPad 3 82KU00LQIN Laptop","","46990.0","0.0","0","10"
"true","LAPTOP","Lenovo V15 G2-ITL Business Laptop laptop","LAP-000221","https://res.cloudinary.com/dngvbsauf/image/upload/v1788367045/tech-store/laptops/template-05.jpg","false","Lenovo V15 G2-ITL Business Laptop","","48999.0","0.0","0","10"
"true","LAPTOP","Lenovo IdeaPad Gaming 3 82K1019BIN Laptop laptop","LAP-000222","https://res.cloudinary.com/dngvbsauf/image/upload/v1788367046/tech-store/laptops/template-06.jpg","false","Lenovo IdeaPad Gaming 3 82K1019BIN Laptop","","68989.0","0.0","0","10"
"true","LAPTOP","MSI Gaming Katana GF76 11SC-847IN Laptop laptop","LAP-000223","https://res.cloudinary.com/dngvbsauf/image/upload/v1788367048/tech-store/laptops/template-07.jpg","false","MSI Gaming Katana GF76 11SC-847IN Laptop","","55990.0","0.0","0","10"
"true","LAPTOP","MSI Katana GF66 12UD-640IN Gaming Laptop laptop","LAP-000224","https://res.cloudinary.com/dngvbsauf/image/upload/v1788367049/tech-store/laptops/template-08.png","false","MSI Katana GF66 12UD-640IN Gaming Laptop","","77990.0","0.0","0","10"
"true","LAPTOP","MSI Thin GF63 12HW-004IN Gaming Laptop laptop","LAP-000225","https://res.cloudinary.com/dngvbsauf/image/upload/v1788367038/tech-store/laptops/template-01.png","false","MSI Thin GF63 12HW-004IN Gaming Laptop","","54990.0","0.0","0","10"
"true","LAPTOP","Lenovo IdeaPad Gaming 3 82SA00B2IN Laptop laptop","LAP-000226","https://res.cloudinary.com/dngvbsauf/image/upload/v1788367040/tech-store/laptops/template-02.jpg","false","Lenovo IdeaPad Gaming 3 82SA00B2IN Laptop","","105990.0","0.0","0","10"
"true","LAPTOP","Lenovo IdeaPad Slim 5 82LN00JSIN Laptop laptop","LAP-000227","https://res.cloudinary.com/dngvbsauf/image/upload/v1788367041/tech-store/laptops/template-03.png","false","Lenovo IdeaPad Slim 5 82LN00JSIN Laptop","","64990.0","0.0","0","10"
"true","LAPTOP","MSI Pulse GL66 12UEK-898IN Gaming Laptop laptop","LAP-000228","https://res.cloudinary.com/dngvbsauf/image/upload/v1788367043/tech-store/laptops/template-04.png","false","MSI Pulse GL66 12UEK-898IN Gaming Laptop","","135000.0","0.0","0","10"
"true","LAPTOP","Chuwi HeroBook Air Laptop laptop","LAP-000229","https://res.cloudinary.com/dngvbsauf/image/upload/v1788367045/tech-store/laptops/template-05.jpg","false","Chuwi HeroBook Air Laptop","","15990.0","0.0","0","10"
"true","LAPTOP","MSI Vector GP66 12UEO-646IN Gaming Laptop laptop","LAP-000230","https://res.cloudinary.com/dngvbsauf/image/upload/v1788367046/tech-store/laptops/template-06.jpg","false","MSI Vector GP66 12UEO-646IN Gaming Laptop","","134000.0","0.0","0","10"
"true","LAPTOP","Lenovo IdeaPad Slim 3 81X800LCIN Laptop laptop","LAP-000231","https://res.cloudinary.com/dngvbsauf/image/upload/v1788367048/tech-store/laptops/template-07.jpg","false","Lenovo IdeaPad Slim 3 81X800LCIN Laptop","","33990.0","0.0","0","10"
"true","LAPTOP","MSI Modern 14 B5M-242IN Laptop laptop","LAP-000232","https://res.cloudinary.com/dngvbsauf/image/upload/v1788367049/tech-store/laptops/template-08.png","false","MSI Modern 14 B5M-242IN Laptop","","44290.0","0.0","0","10"
"true","LAPTOP","HP Envy x360 13-bf0059TU Laptop laptop","LAP-000233","https://res.cloudinary.com/dngvbsauf/image/upload/v1788367038/tech-store/laptops/template-01.png","false","HP Envy x360 13-bf0059TU Laptop","","102123.0","0.0","0","10"
"true","LAPTOP","Asus ZenBook Pro Duo 14 OLED 2022 UX8402ZE-M711WS Laptop laptop","LAP-000234","https://res.cloudinary.com/dngvbsauf/image/upload/v1788367040/tech-store/laptops/template-02.jpg","false","Asus ZenBook Pro Duo 14 OLED 2022 UX8402ZE-M711WS Laptop","","159990.0","0.0","0","10"
"true","LAPTOP","Dell Vostro 3425 D552305WIN9BE Laptop laptop","LAP-000235","https://res.cloudinary.com/dngvbsauf/image/upload/v1788367041/tech-store/laptops/template-03.png","false","Dell Vostro 3425 D552305WIN9BE Laptop","","38663.0","0.0","0","10"
"true","LAPTOP","Lenovo Ideapad Slim 3 82H802KVIN Laptop laptop","LAP-000236","https://res.cloudinary.com/dngvbsauf/image/upload/v1788367043/tech-store/laptops/template-04.png","false","Lenovo Ideapad Slim 3 82H802KVIN Laptop","","55490.0","0.0","0","10"
"true","LAPTOP","Dell Vostro 3425 D552309WIN9BE Laptop laptop","LAP-000237","https://res.cloudinary.com/dngvbsauf/image/upload/v1788367045/tech-store/laptops/template-05.jpg","false","Dell Vostro 3425 D552309WIN9BE Laptop","","38990.0","0.0","0","10"
"true","LAPTOP","Acer Extensa EX215-54 NX.EGJSI.00N Laptop laptop","LAP-000238","https://res.cloudinary.com/dngvbsauf/image/upload/v1788367046/tech-store/laptops/template-06.jpg","false","Acer Extensa EX215-54 NX.EGJSI.00N Laptop","","40990.0","0.0","0","10"
"true","LAPTOP","HP Pavilion 15s-FR5007TU Laptop laptop","LAP-000239","https://res.cloudinary.com/dngvbsauf/image/upload/v1788367048/tech-store/laptops/template-07.jpg","false","HP Pavilion 15s-FR5007TU Laptop","","59490.0","0.0","0","10"
"true","LAPTOP","Lenovo Ideapad Slim 3i 81WQ00NXIN Laptop laptop","LAP-000240","https://res.cloudinary.com/dngvbsauf/image/upload/v1788367049/tech-store/laptops/template-08.png","false","Lenovo Ideapad Slim 3i 81WQ00NXIN Laptop","","28980.0","0.0","0","10"
"true","LAPTOP","Asus Vivobook 15 2022 X1502ZA-EJ302WS Laptop laptop","LAP-000241","https://res.cloudinary.com/dngvbsauf/image/upload/v1788367038/tech-store/laptops/template-01.png","false","Asus Vivobook 15 2022 X1502ZA-EJ302WS Laptop","","40990.0","0.0","0","10"
"true","LAPTOP","HP 15s-ey1508AU Laptop laptop","LAP-000242","https://res.cloudinary.com/dngvbsauf/image/upload/v1788367040/tech-store/laptops/template-02.jpg","false","HP 15s-ey1508AU Laptop","","29990.0","0.0","0","10"
"true","LAPTOP","MSI Thin GF63 11UC-866IN Gaming Laptop laptop","LAP-000243","https://res.cloudinary.com/dngvbsauf/image/upload/v1788367041/tech-store/laptops/template-03.png","false","MSI Thin GF63 11UC-866IN Gaming Laptop","","65590.0","0.0","0","10"
"true","LAPTOP","Asus Vivobook Pro 15 OLED M6500IH-L1701WS Laptop laptop","LAP-000244","https://res.cloudinary.com/dngvbsauf/image/upload/v1788367043/tech-store/laptops/template-04.png","false","Asus Vivobook Pro 15 OLED M6500IH-L1701WS Laptop","","64990.0","0.0","0","10"
"true","LAPTOP","Lenovo IdeaPad Slim 3 82KU017EIN Laptop laptop","LAP-000245","https://res.cloudinary.com/dngvbsauf/image/upload/v1788367045/tech-store/laptops/template-05.jpg","false","Lenovo IdeaPad Slim 3 82KU017EIN Laptop","","48990.0","0.0","0","10"
"true","LAPTOP","Lenovo Ideapad Gaming 3 82K201UKIN Laptop laptop","LAP-000246","https://res.cloudinary.com/dngvbsauf/image/upload/v1788367046/tech-store/laptops/template-06.jpg","false","Lenovo Ideapad Gaming 3 82K201UKIN Laptop","","77850.0","0.0","0","10"
"true","LAPTOP","Lenovo IdeaPad 3 14ITL6 82H701DYIN Laptop laptop","LAP-000247","https://res.cloudinary.com/dngvbsauf/image/upload/v1788367048/tech-store/laptops/template-07.jpg","false","Lenovo IdeaPad 3 14ITL6 82H701DYIN Laptop","","37990.0","0.0","0","10"
"true","LAPTOP","Dell Latitude 5320 Business Laptop laptop","LAP-000248","https://res.cloudinary.com/dngvbsauf/image/upload/v1788367049/tech-store/laptops/template-08.png","false","Dell Latitude 5320 Business Laptop","","102400.0","0.0","0","10"
"true","LAPTOP","MSI Thin GF63 11UC-867IN Gaming Laptop laptop","LAP-000249","https://res.cloudinary.com/dngvbsauf/image/upload/v1788367038/tech-store/laptops/template-01.png","false","MSI Thin GF63 11UC-867IN Gaming Laptop","","56990.0","0.0","0","10"
"true","LAPTOP","HP 15s-fr2514TU Laptop laptop","LAP-000250","https://res.cloudinary.com/dngvbsauf/image/upload/v1788367040/tech-store/laptops/template-02.jpg","false","HP 15s-fr2514TU Laptop","","38499.0","0.0","0","10"
"true","LAPTOP","Asus Zenbook Flip 14 OLED UP5401ZA-KN501WS Laptop laptop","LAP-000251","https://res.cloudinary.com/dngvbsauf/image/upload/v1788367041/tech-store/laptops/template-03.png","false","Asus Zenbook Flip 14 OLED UP5401ZA-KN501WS Laptop","","85990.0","0.0","0","10"
"true","LAPTOP","Acer Aspire 3 A315-23 UN.HVTSI.013 Laptop laptop","LAP-000252","https://res.cloudinary.com/dngvbsauf/image/upload/v1788367043/tech-store/laptops/template-04.png","false","Acer Aspire 3 A315-23 UN.HVTSI.013 Laptop","","26990.0","0.0","0","10"
"true","LAPTOP","HP 15s-dr3506TU Laptop laptop","LAP-000253","https://res.cloudinary.com/dngvbsauf/image/upload/v1788367045/tech-store/laptops/template-05.jpg","false","HP 15s-dr3506TU Laptop","","43990.0","0.0","0","10"
"true","LAPTOP","HP 14s-fq0568AU Laptop laptop","LAP-000254","https://res.cloudinary.com/dngvbsauf/image/upload/v1788367046/tech-store/laptops/template-06.jpg","false","HP 14s-fq0568AU Laptop","","25758.0","0.0","0","10"
"true","LAPTOP","HP 15s-du3614TU Laptop laptop","LAP-000255","https://res.cloudinary.com/dngvbsauf/image/upload/v1788367048/tech-store/laptops/template-07.jpg","false","HP 15s-du3614TU Laptop","","40390.0","0.0","0","10"
"true","LAPTOP","HP 15s-eq1560AU Laptop laptop","LAP-000256","https://res.cloudinary.com/dngvbsauf/image/upload/v1788367049/tech-store/laptops/template-08.png","false","HP 15s-eq1560AU Laptop","","37990.0","0.0","0","10"
"true","LAPTOP","Dell Inspiron 3525 Laptop laptop","LAP-000257","https://res.cloudinary.com/dngvbsauf/image/upload/v1788367038/tech-store/laptops/template-01.png","false","Dell Inspiron 3525 Laptop","","40663.0","0.0","0","10"
"true","LAPTOP","Lenovo IdeaPad Gaming 3 82K10198IN Laptop laptop","LAP-000258","https://res.cloudinary.com/dngvbsauf/image/upload/v1788367040/tech-store/laptops/template-02.jpg","false","Lenovo IdeaPad Gaming 3 82K10198IN Laptop","","54451.0","0.0","0","10"
"true","LAPTOP","Acer Predator Helios 500 Ph517-52 Gaming Laptop laptop","LAP-000259","https://res.cloudinary.com/dngvbsauf/image/upload/v1788367041/tech-store/laptops/template-03.png","false","Acer Predator Helios 500 Ph517-52 Gaming Laptop","","432159.0","0.0","0","10"
"true","LAPTOP","Lenovo Ideapad Gaming 3 82K201UNIN Laptop laptop","LAP-000260","https://res.cloudinary.com/dngvbsauf/image/upload/v1788367043/tech-store/laptops/template-04.png","false","Lenovo Ideapad Gaming 3 82K201UNIN Laptop","","90700.0","0.0","0","10"
"true","LAPTOP","Lenovo IdeaPad Slim 3 82H701DNIN Laptop laptop","LAP-000261","https://res.cloudinary.com/dngvbsauf/image/upload/v1788367045/tech-store/laptops/template-05.jpg","false","Lenovo IdeaPad Slim 3 82H701DNIN Laptop","","37700.0","0.0","0","10"
"true","LAPTOP","Dell Vostro 5625 laptop laptop","LAP-000262","https://res.cloudinary.com/dngvbsauf/image/upload/v1788367046/tech-store/laptops/template-06.jpg","false","Dell Vostro 5625 laptop","","57990.0","0.0","0","10"
"true","LAPTOP","HP Pavilion 14-eh0024TU Laptop laptop","LAP-000263","https://res.cloudinary.com/dngvbsauf/image/upload/v1788367048/tech-store/laptops/template-07.jpg","false","HP Pavilion 14-eh0024TU Laptop","","91990.0","0.0","0","10"
"true","LAPTOP","Dell XPS 13 Plus 9320 Laptop laptop","LAP-000264","https://res.cloudinary.com/dngvbsauf/image/upload/v1788367049/tech-store/laptops/template-08.png","false","Dell XPS 13 Plus 9320 Laptop","","178500.0","0.0","0","10"
"true","LAPTOP","Asus ZenBook Pro Duo 15 OLED 2022 UX582ZM-H701WS Laptop laptop","LAP-000265","https://res.cloudinary.com/dngvbsauf/image/upload/v1788367038/tech-store/laptops/template-01.png","false","Asus ZenBook Pro Duo 15 OLED 2022 UX582ZM-H701WS Laptop","","199990.0","0.0","0","10"
"true","LAPTOP","Dell Alienware x14 Gaming Laptop laptop","LAP-000266","https://res.cloudinary.com/dngvbsauf/image/upload/v1788367040/tech-store/laptops/template-02.jpg","false","Dell Alienware x14 Gaming Laptop","","169990.0","0.0","0","10"
"true","LAPTOP","HP Victus 15-fa0354TX Laptop laptop","LAP-000267","https://res.cloudinary.com/dngvbsauf/image/upload/v1788367041/tech-store/laptops/template-03.png","false","HP Victus 15-fa0354TX Laptop","","94699.0","0.0","0","10"
"true","LAPTOP","HP 15s-fq2671TU Laptop laptop","LAP-000268","https://res.cloudinary.com/dngvbsauf/image/upload/v1788367043/tech-store/laptops/template-04.png","false","HP 15s-fq2671TU Laptop","","41500.0","0.0","0","10"
"true","LAPTOP","MSI Katana GF66 11UE-861IN Gaming Laptop laptop","LAP-000269","https://res.cloudinary.com/dngvbsauf/image/upload/v1788367045/tech-store/laptops/template-05.jpg","false","MSI Katana GF66 11UE-861IN Gaming Laptop","","85990.0","0.0","0","10"
"true","LAPTOP","Lenovo Yoga Slim 7 Pro 82NC00EWIN Laptop laptop","LAP-000270","https://res.cloudinary.com/dngvbsauf/image/upload/v1788367046/tech-store/laptops/template-06.jpg","false","Lenovo Yoga Slim 7 Pro 82NC00EWIN Laptop","","71990.0","0.0","0","10"
"true","LAPTOP","HP 15s- fr2512TU Laptop laptop","LAP-000271","https://res.cloudinary.com/dngvbsauf/image/upload/v1788367048/tech-store/laptops/template-07.jpg","false","HP 15s- fr2512TU Laptop","","41890.0","0.0","0","10"
"true","LAPTOP","Lenovo IdeaPad Slim 3 82RK006DIN Laptop laptop","LAP-000272","https://res.cloudinary.com/dngvbsauf/image/upload/v1788367049/tech-store/laptops/template-08.png","false","Lenovo IdeaPad Slim 3 82RK006DIN Laptop","","43999.0","0.0","0","10"
"true","LAPTOP","HP Victus 16-e0650AX Gaming Laptop laptop","LAP-000273","https://res.cloudinary.com/dngvbsauf/image/upload/v1788367038/tech-store/laptops/template-01.png","false","HP Victus 16-e0650AX Gaming Laptop","","71990.0","0.0","0","10"
"true","LAPTOP","Lenovo V15 82KBA03TIH Laptop laptop","LAP-000274","https://res.cloudinary.com/dngvbsauf/image/upload/v1788367040/tech-store/laptops/template-02.jpg","false","Lenovo V15 82KBA03TIH Laptop","","37000.0","0.0","0","10"
"true","LAPTOP","Lenovo IdeaPad Gaming 3 82K101B7IN Laptop laptop","LAP-000275","https://res.cloudinary.com/dngvbsauf/image/upload/v1788367041/tech-store/laptops/template-03.png","false","Lenovo IdeaPad Gaming 3 82K101B7IN Laptop","","77750.0","0.0","0","10"
"true","LAPTOP","Dell Inspiron 7420 D560780WIN9S Laptop laptop","LAP-000276","https://res.cloudinary.com/dngvbsauf/image/upload/v1788367043/tech-store/laptops/template-04.png","false","Dell Inspiron 7420 D560780WIN9S Laptop","","53906.0","0.0","0","10"
"true","LAPTOP","Dell Inspiron 7420 Laptop laptop","LAP-000277","https://res.cloudinary.com/dngvbsauf/image/upload/v1788367045/tech-store/laptops/template-05.jpg","false","Dell Inspiron 7420 Laptop","","74990.0","0.0","0","10"
"true","LAPTOP","Dell Inspiron 7620 Laptop laptop","LAP-000278","https://res.cloudinary.com/dngvbsauf/image/upload/v1788367046/tech-store/laptops/template-06.jpg","false","Dell Inspiron 7620 Laptop","","94500.0","0.0","0","10"
"true","LAPTOP","Dell Inspiron 7420 2-in-1 Laptop laptop","LAP-000279","https://res.cloudinary.com/dngvbsauf/image/upload/v1788367048/tech-store/laptops/template-07.jpg","false","Dell Inspiron 7420 2-in-1 Laptop","","102990.0","0.0","0","10"
"true","LAPTOP","Asus ROG Strix G15 G513IE-HN040WS Gaming Laptop laptop","LAP-000280","https://res.cloudinary.com/dngvbsauf/image/upload/v1788367049/tech-store/laptops/template-08.png","false","Asus ROG Strix G15 G513IE-HN040WS Gaming Laptop","","85990.0","0.0","0","10"
"true","LAPTOP","Infinix INBook X1 Slim XL21 Laptop laptop","LAP-000281","https://res.cloudinary.com/dngvbsauf/image/upload/v1788367038/tech-store/laptops/template-01.png","false","Infinix INBook X1 Slim XL21 Laptop","","46990.0","0.0","0","10"
"true","LAPTOP","HP 255 G8 62Y23PA Laptop laptop","LAP-000282","https://res.cloudinary.com/dngvbsauf/image/upload/v1788367040/tech-store/laptops/template-02.jpg","false","HP 255 G8 62Y23PA Laptop","","32083.0","0.0","0","10"
"true","LAPTOP","Asus Vivobook 16X 2022 M1603QA-MB711WS Laptop laptop","LAP-000283","https://res.cloudinary.com/dngvbsauf/image/upload/v1788367041/tech-store/laptops/template-03.png","false","Asus Vivobook 16X 2022 M1603QA-MB711WS Laptop","","66990.0","0.0","0","10"
"true","LAPTOP","HP Pavilion 15-eg2036TU Laptop laptop","LAP-000284","https://res.cloudinary.com/dngvbsauf/image/upload/v1788367043/tech-store/laptops/template-04.png","false","HP Pavilion 15-eg2036TU Laptop","","69990.0","0.0","0","10"
"true","LAPTOP","Asus TUF Gaming F17 FX707ZM-HX030WS Laptop laptop","LAP-000285","https://res.cloudinary.com/dngvbsauf/image/upload/v1788367045/tech-store/laptops/template-05.jpg","false","Asus TUF Gaming F17 FX707ZM-HX030WS Laptop","","109990.0","0.0","0","10"
"true","LAPTOP","Asus Vivobook Pro 14 OLED M3400QA-KM702WS Gaming Laptop laptop","LAP-000286","https://res.cloudinary.com/dngvbsauf/image/upload/v1788367046/tech-store/laptops/template-06.jpg","false","Asus Vivobook Pro 14 OLED M3400QA-KM702WS Gaming Laptop","","64990.0","0.0","0","10"
"true","LAPTOP","Infinix INBook X1 Slim Series XL21 Laptop laptop","LAP-000287","https://res.cloudinary.com/dngvbsauf/image/upload/v1788367048/tech-store/laptops/template-07.jpg","false","Infinix INBook X1 Slim Series XL21 Laptop","","33490.0","0.0","0","10"
"true","LAPTOP","Asus TUF Gaming A15 FA506ICB-HN005W Laptop laptop","LAP-000288","https://res.cloudinary.com/dngvbsauf/image/upload/v1788367049/tech-store/laptops/template-08.png","false","Asus TUF Gaming A15 FA506ICB-HN005W Laptop","","69990.0","0.0","0","10"
"true","LAPTOP","Asus TUF Gaming F15 FX577ZM-HQ067WS Laptop laptop","LAP-000289","https://res.cloudinary.com/dngvbsauf/image/upload/v1788367038/tech-store/laptops/template-01.png","false","Asus TUF Gaming F15 FX577ZM-HQ067WS Laptop","","122990.0","0.0","0","10"
"true","LAPTOP","Acer Aspire Vero AV15-51-5155 Laptop laptop","LAP-000290","https://res.cloudinary.com/dngvbsauf/image/upload/v1788367040/tech-store/laptops/template-02.jpg","false","Acer Aspire Vero AV15-51-5155 Laptop","","54990.0","0.0","0","10"
"true","LAPTOP","Apple MacBook Air 2022 Laptop laptop","LAP-000291","https://res.cloudinary.com/dngvbsauf/image/upload/v1788367041/tech-store/laptops/template-03.png","false","Apple MacBook Air 2022 Laptop","","137990.0","0.0","0","10"
"true","LAPTOP","Asus TUF Gaming F15 FA506IHRB-HN079W Gaming Laptop laptop","LAP-000292","https://res.cloudinary.com/dngvbsauf/image/upload/v1788367043/tech-store/laptops/template-04.png","false","Asus TUF Gaming F15 FA506IHRB-HN079W Gaming Laptop","","55990.0","0.0","0","10"
"true","LAPTOP","Asus Vivobook S15 OLED S3502ZA-L502WS Laptop laptop","LAP-000293","https://res.cloudinary.com/dngvbsauf/image/upload/v1788367045/tech-store/laptops/template-05.jpg","false","Asus Vivobook S15 OLED S3502ZA-L502WS Laptop","","72000.0","0.0","0","10"
"true","LAPTOP","HP Pavilion 14-dv2053TU Laptop laptop","LAP-000294","https://res.cloudinary.com/dngvbsauf/image/upload/v1788367046/tech-store/laptops/template-06.jpg","false","HP Pavilion 14-dv2053TU Laptop","","62278.0","0.0","0","10"
"true","LAPTOP","HP Pavilion 15s-fq5010TU Laptop laptop","LAP-000295","https://res.cloudinary.com/dngvbsauf/image/upload/v1788367048/tech-store/laptops/template-07.jpg","false","HP Pavilion 15s-fq5010TU Laptop","","63350.0","0.0","0","10"
"true","LAPTOP","Lenovo Ideapad Slim 3 81WB01EBIN Laptop laptop","LAP-000296","https://res.cloudinary.com/dngvbsauf/image/upload/v1788367049/tech-store/laptops/template-08.png","false","Lenovo Ideapad Slim 3 81WB01EBIN Laptop","","36490.0","0.0","0","10"
"true","LAPTOP","HP Pavilion 15s-FQ5009TU Laptop laptop","LAP-000297","https://res.cloudinary.com/dngvbsauf/image/upload/v1788367038/tech-store/laptops/template-01.png","false","HP Pavilion 15s-FQ5009TU Laptop","","60500.0","0.0","0","10"
"true","LAPTOP","Samsung Galaxy Book2 Laptop laptop","LAP-000298","https://res.cloudinary.com/dngvbsauf/image/upload/v1788367040/tech-store/laptops/template-02.jpg","false","Samsung Galaxy Book2 Laptop","","79990.0","0.0","0","10"
"true","LAPTOP","Asus Strix G15 G513RM-HQ271WS Gaming Laptop laptop","LAP-000299","https://res.cloudinary.com/dngvbsauf/image/upload/v1788367041/tech-store/laptops/template-03.png","false","Asus Strix G15 G513RM-HQ271WS Gaming Laptop","","124990.0","0.0","0","10"
"true","LAPTOP","Dell Inspiron 5520 Laptop laptop","LAP-000300","https://res.cloudinary.com/dngvbsauf/image/upload/v1788367043/tech-store/laptops/template-04.png","false","Dell Inspiron 5520 Laptop","","79990.0","0.0","0","10"
"true","LAPTOP","Asus Vivobook S14 OLED S3402ZA-KM501WS Laptop laptop","LAP-000301","https://res.cloudinary.com/dngvbsauf/image/upload/v1788367045/tech-store/laptops/template-05.jpg","false","Asus Vivobook S14 OLED S3402ZA-KM501WS Laptop","","70990.0","0.0","0","10"
"true","LAPTOP","HP Pavilion 15-EG2019TX Laptop laptop","LAP-000302","https://res.cloudinary.com/dngvbsauf/image/upload/v1788367046/tech-store/laptops/template-06.jpg","false","HP Pavilion 15-EG2019TX Laptop","","78200.0","0.0","0","10"
"true","LAPTOP","Samsung Galaxy Book2 15 Laptop laptop","LAP-000303","https://res.cloudinary.com/dngvbsauf/image/upload/v1788367048/tech-store/laptops/template-07.jpg","false","Samsung Galaxy Book2 15 Laptop","","79990.0","0.0","0","10"
"true","LAPTOP","Samsung Galaxy Book2 15 Laptop laptop","LAP-000304","https://res.cloudinary.com/dngvbsauf/image/upload/v1788367049/tech-store/laptops/template-08.png","false","Samsung Galaxy Book2 15 Laptop","","64490.0","0.0","0","10"
"true","LAPTOP","Dell G15-5511 Gaming Laptop laptop","LAP-000305","https://res.cloudinary.com/dngvbsauf/image/upload/v1788367038/tech-store/laptops/template-01.png","false","Dell G15-5511 Gaming Laptop","","65990.0","0.0","0","10"
"true","LAPTOP","Lenovo IdeaPad 3 81WQ00MQIN Laptop laptop","LAP-000306","https://res.cloudinary.com/dngvbsauf/image/upload/v1788367040/tech-store/laptops/template-02.jpg","false","Lenovo IdeaPad 3 81WQ00MQIN Laptop","","26585.0","0.0","0","10"
"true","LAPTOP","Dell G15-5520 Laptop laptop","LAP-000307","https://res.cloudinary.com/dngvbsauf/image/upload/v1788367041/tech-store/laptops/template-03.png","false","Dell G15-5520 Laptop","","84990.0","0.0","0","10"
"true","LAPTOP","HP Pavilion 15-EG2035TU Laptop laptop","LAP-000308","https://res.cloudinary.com/dngvbsauf/image/upload/v1788367043/tech-store/laptops/template-04.png","false","HP Pavilion 15-EG2035TU Laptop","","71999.0","0.0","0","10"
"true","LAPTOP","Acer Nitro 5 AN515-58 Gaming Laptop laptop","LAP-000309","https://res.cloudinary.com/dngvbsauf/image/upload/v1788367045/tech-store/laptops/template-05.jpg","false","Acer Nitro 5 AN515-58 Gaming Laptop","","76109.0","0.0","0","10"
"true","LAPTOP","Asus TUF Gaming A15 2021 FA506QM-HN124W Laptop laptop","LAP-000310","https://res.cloudinary.com/dngvbsauf/image/upload/v1788367046/tech-store/laptops/template-06.jpg","false","Asus TUF Gaming A15 2021 FA506QM-HN124W Laptop","","98900.0","0.0","0","10"
"true","LAPTOP","Lenovo V15-IGL 82C3A008IH Laptop laptop","LAP-000311","https://res.cloudinary.com/dngvbsauf/image/upload/v1788367048/tech-store/laptops/template-07.jpg","false","Lenovo V15-IGL 82C3A008IH Laptop","","19990.0","0.0","0","10"
"true","LAPTOP","Dell Latitude 3420 Laptop laptop","LAP-000312","https://res.cloudinary.com/dngvbsauf/image/upload/v1788367049/tech-store/laptops/template-08.png","false","Dell Latitude 3420 Laptop","","76900.0","0.0","0","10"
"true","LAPTOP","Dell Inspiron 3521 Laptop laptop","LAP-000313","https://res.cloudinary.com/dngvbsauf/image/upload/v1788367038/tech-store/laptops/template-01.png","false","Dell Inspiron 3521 Laptop","","32033.0","0.0","0","10"
"true","LAPTOP","Dell Vostro 5625 laptop laptop","LAP-000314","https://res.cloudinary.com/dngvbsauf/image/upload/v1788367040/tech-store/laptops/template-02.jpg","false","Dell Vostro 5625 laptop","","62490.0","0.0","0","10"
"true","LAPTOP","HP 240 G8 Laptop laptop","LAP-000315","https://res.cloudinary.com/dngvbsauf/image/upload/v1788367041/tech-store/laptops/template-03.png","false","HP 240 G8 Laptop","","60618.0","0.0","0","10"
"true","LAPTOP","Lenovo E41-55 82FJ009JIH Laptop laptop","LAP-000316","https://res.cloudinary.com/dngvbsauf/image/upload/v1788367043/tech-store/laptops/template-04.png","false","Lenovo E41-55 82FJ009JIH Laptop","","18990.0","0.0","0","10"
"true","LAPTOP","HP Pavilion 15-eh2018AU Laptop laptop","LAP-000317","https://res.cloudinary.com/dngvbsauf/image/upload/v1788367045/tech-store/laptops/template-05.jpg","false","HP Pavilion 15-eh2018AU Laptop","","52490.0","0.0","0","10"
"true","LAPTOP","HP Pavilion 14-ec1003AU Laptop laptop","LAP-000318","https://res.cloudinary.com/dngvbsauf/image/upload/v1788367046/tech-store/laptops/template-06.jpg","false","HP Pavilion 14-ec1003AU Laptop","","51990.0","0.0","0","10"
"true","LAPTOP","Samsung Galaxy Book2 Pro 360 13 Laptop laptop","LAP-000319","https://res.cloudinary.com/dngvbsauf/image/upload/v1788367048/tech-store/laptops/template-07.jpg","false","Samsung Galaxy Book2 Pro 360 13 Laptop","","113990.0","0.0","0","10"
"true","LAPTOP","Dell Vostro 3510 Laptop laptop","LAP-000320","https://res.cloudinary.com/dngvbsauf/image/upload/v1788367049/tech-store/laptops/template-08.png","false","Dell Vostro 3510 Laptop","","54490.0","0.0","0","10"
"true","LAPTOP","Asus Vivobook 15 X515MA-BR101W Laptop laptop","LAP-000321","https://res.cloudinary.com/dngvbsauf/image/upload/v1788367038/tech-store/laptops/template-01.png","false","Asus Vivobook 15 X515MA-BR101W Laptop","","23399.0","0.0","0","10"
"true","LAPTOP","Samsung Galaxy Book2 Pro 360 13 Laptop laptop","LAP-000322","https://res.cloudinary.com/dngvbsauf/image/upload/v1788367040/tech-store/laptops/template-02.jpg","false","Samsung Galaxy Book2 Pro 360 13 Laptop","","110990.0","0.0","0","10"
"true","LAPTOP","Asus Vivobook 13 Slate OLED T3300KA-LQ111WS Laptop laptop","LAP-000323","https://res.cloudinary.com/dngvbsauf/image/upload/v1788367041/tech-store/laptops/template-03.png","false","Asus Vivobook 13 Slate OLED T3300KA-LQ111WS Laptop","","43290.0","0.0","0","10"
"true","LAPTOP","Apple MacBook Air 2020 Z124J002KD Laptop laptop","LAP-000324","https://res.cloudinary.com/dngvbsauf/image/upload/v1788367043/tech-store/laptops/template-04.png","false","Apple MacBook Air 2020 Z124J002KD Laptop","","125990.0","0.0","0","10"
"true","LAPTOP","HP 14s-fq1089au Laptop laptop","LAP-000325","https://res.cloudinary.com/dngvbsauf/image/upload/v1788367045/tech-store/laptops/template-05.jpg","false","HP 14s-fq1089au Laptop","","40300.0","0.0","0","10"
"true","LAPTOP","HP 15s- fq4021TU Laptop laptop","LAP-000326","https://res.cloudinary.com/dngvbsauf/image/upload/v1788367046/tech-store/laptops/template-06.jpg","false","HP 15s- fq4021TU Laptop","","55499.0","0.0","0","10"
"true","LAPTOP","Apple MacBook Air 2020 Z124J001KD Laptop laptop","LAP-000327","https://res.cloudinary.com/dngvbsauf/image/upload/v1788367048/tech-store/laptops/template-07.jpg","false","Apple MacBook Air 2020 Z124J001KD Laptop","","105990.0","0.0","0","10"
"true","LAPTOP","HP 15s-eq2143au Laptop laptop","LAP-000328","https://res.cloudinary.com/dngvbsauf/image/upload/v1788367049/tech-store/laptops/template-08.png","false","HP 15s-eq2143au Laptop","","39648.0","0.0","0","10"
"true","LAPTOP","Dell Inspiron 3511 Laptop laptop","LAP-000329","https://res.cloudinary.com/dngvbsauf/image/upload/v1788367038/tech-store/laptops/template-01.png","false","Dell Inspiron 3511 Laptop","","62812.0","0.0","0","10"
"true","LAPTOP","Lenovo IdeaPad 3 82H801L7IN laptop","LAP-000330","https://res.cloudinary.com/dngvbsauf/image/upload/v1788367040/tech-store/laptops/template-02.jpg","false","Lenovo IdeaPad 3 82H801L7IN","","37952.0","0.0","0","10"
"true","LAPTOP","Dell Latitude 7410 Laptop laptop","LAP-000331","https://res.cloudinary.com/dngvbsauf/image/upload/v1788367041/tech-store/laptops/template-03.png","false","Dell Latitude 7410 Laptop","","77499.0","0.0","0","10"
"true","LAPTOP","HP Pavilion 15-EC2145AX Gaming Laptop laptop","LAP-000332","https://res.cloudinary.com/dngvbsauf/image/upload/v1788367043/tech-store/laptops/template-04.png","false","HP Pavilion 15-EC2145AX Gaming Laptop","","64990.0","0.0","0","10"
"true","LAPTOP","HP Pavilion 15-ec2150AX Laptop laptop","LAP-000333","https://res.cloudinary.com/dngvbsauf/image/upload/v1788367045/tech-store/laptops/template-05.jpg","false","HP Pavilion 15-ec2150AX Laptop","","59910.0","0.0","0","10"
"true","LAPTOP","Dell Latitude 5420 Laptop laptop","LAP-000334","https://res.cloudinary.com/dngvbsauf/image/upload/v1788367046/tech-store/laptops/template-06.jpg","false","Dell Latitude 5420 Laptop","","112000.0","0.0","0","10"
"true","LAPTOP","HP 14s-dy2506TU Laptop laptop","LAP-000335","https://res.cloudinary.com/dngvbsauf/image/upload/v1788367048/tech-store/laptops/template-07.jpg","false","HP 14s-dy2506TU Laptop","","35490.0","0.0","0","10"
"true","LAPTOP","Lenovo IdeaPad 3 15ITL6 82H801L3IN Laptop laptop","LAP-000336","https://res.cloudinary.com/dngvbsauf/image/upload/v1788367049/tech-store/laptops/template-08.png","false","Lenovo IdeaPad 3 15ITL6 82H801L3IN Laptop","","36001.0","0.0","0","10"
"true","LAPTOP","Infinix INBook X1 XL12 Laptop laptop","LAP-000337","https://res.cloudinary.com/dngvbsauf/image/upload/v1788367038/tech-store/laptops/template-01.png","false","Infinix INBook X1 XL12 Laptop","","46990.0","0.0","0","10"
"true","LAPTOP","Asus Vivobook X415EA-EB372WS Laptop laptop","LAP-000338","https://res.cloudinary.com/dngvbsauf/image/upload/v1788367040/tech-store/laptops/template-02.jpg","false","Asus Vivobook X415EA-EB372WS Laptop","","38990.0","0.0","0","10"
"true","LAPTOP","Asus VivoBook 15 2021 X515JA-EJ362WS Laptop laptop","LAP-000339","https://res.cloudinary.com/dngvbsauf/image/upload/v1788367041/tech-store/laptops/template-03.png","false","Asus VivoBook 15 2021 X515JA-EJ362WS Laptop","","32990.0","0.0","0","10"
"true","LAPTOP","HP Pavilion 15-dk2095TX Gaming Laptop laptop","LAP-000340","https://res.cloudinary.com/dngvbsauf/image/upload/v1788367043/tech-store/laptops/template-04.png","false","HP Pavilion 15-dk2095TX Gaming Laptop","","61990.0","0.0","0","10"
"true","LAPTOP","Apple MacBook Pro 16 inch MK1A3HN Laptop laptop","LAP-000341","https://res.cloudinary.com/dngvbsauf/image/upload/v1788367045/tech-store/laptops/template-05.jpg","false","Apple MacBook Pro 16 inch MK1A3HN Laptop","","296894.0","0.0","0","10"
"true","LAPTOP","Lenovo V15 82C30052IH Laptop laptop","LAP-000342","https://res.cloudinary.com/dngvbsauf/image/upload/v1788367046/tech-store/laptops/template-06.jpg","false","Lenovo V15 82C30052IH Laptop","","21999.0","0.0","0","10"
"true","LAPTOP","Dell Inspiron 3511 Laptop laptop","LAP-000343","https://res.cloudinary.com/dngvbsauf/image/upload/v1788367048/tech-store/laptops/template-07.jpg","false","Dell Inspiron 3511 Laptop","","41490.0","0.0","0","10"
"true","LAPTOP","HP Pavilion 15-ec2008AX Gaming Laptop laptop","LAP-000344","https://res.cloudinary.com/dngvbsauf/image/upload/v1788367049/tech-store/laptops/template-08.png","false","HP Pavilion 15-ec2008AX Gaming Laptop","","58635.0","0.0","0","10"
"true","LAPTOP","Asus VivoBook 15 X515EA-BQ312TS Laptop laptop","LAP-000345","https://res.cloudinary.com/dngvbsauf/image/upload/v1788367038/tech-store/laptops/template-01.png","false","Asus VivoBook 15 X515EA-BQ312TS Laptop","","34994.0","0.0","0","10"
"true","LAPTOP","Xiaomi Mi Notebook Ultra Laptop laptop","LAP-000346","https://res.cloudinary.com/dngvbsauf/image/upload/v1788367040/tech-store/laptops/template-02.jpg","false","Xiaomi Mi Notebook Ultra Laptop","","62999.0","0.0","0","10"
"true","LAPTOP","MSI Bravo 15 B5DD-043IN Gaming Laptop laptop","LAP-000347","https://res.cloudinary.com/dngvbsauf/image/upload/v1788367041/tech-store/laptops/template-03.png","false","MSI Bravo 15 B5DD-043IN Gaming Laptop","","58500.0","0.0","0","10"
"true","LAPTOP","Lenovo IdeaPad 3 15ITL6 82H800U5IN Laptop laptop","LAP-000348","https://res.cloudinary.com/dngvbsauf/image/upload/v1788367043/tech-store/laptops/template-04.png","false","Lenovo IdeaPad 3 15ITL6 82H800U5IN Laptop","","37600.0","0.0","0","10"
"true","LAPTOP","Xiaomi RedmiBook e-Learning Edition laptop","LAP-000349","https://res.cloudinary.com/dngvbsauf/image/upload/v1788367045/tech-store/laptops/template-05.jpg","false","Xiaomi RedmiBook e-Learning Edition","","30990.0","0.0","0","10"
"true","LAPTOP","Realme Book Slim Laptop laptop","LAP-000350","https://res.cloudinary.com/dngvbsauf/image/upload/v1788367046/tech-store/laptops/template-06.jpg","false","Realme Book Slim Laptop","","46990.0","0.0","0","10"
"true","LAPTOP","Lenovo IdeaPad 3 15ITL6 82H8014BIN Laptop laptop","LAP-000351","https://res.cloudinary.com/dngvbsauf/image/upload/v1788367048/tech-store/laptops/template-07.jpg","false","Lenovo IdeaPad 3 15ITL6 82H8014BIN Laptop","","55850.0","0.0","0","10"
"true","LAPTOP","Acer Extensa EX215-31 Laptop laptop","LAP-000352","https://res.cloudinary.com/dngvbsauf/image/upload/v1788367049/tech-store/laptops/template-08.png","false","Acer Extensa EX215-31 Laptop","","21990.0","0.0","0","10"
"true","LAPTOP","Asus ROG Flow X13 GV301QH-K5462TS Gaming Laptop laptop","LAP-000353","https://res.cloudinary.com/dngvbsauf/image/upload/v1788367038/tech-store/laptops/template-01.png","false","Asus ROG Flow X13 GV301QH-K5462TS Gaming Laptop","","105990.0","0.0","0","10"
"true","LAPTOP","Lenovo Yoga 9i 82BG005JIN Laptop laptop","LAP-000354","https://res.cloudinary.com/dngvbsauf/image/upload/v1788367040/tech-store/laptops/template-02.jpg","false","Lenovo Yoga 9i 82BG005JIN Laptop","","172990.0","0.0","0","10"
"true","LAPTOP","Dell Inspiron 3501 Laptop laptop","LAP-000355","https://res.cloudinary.com/dngvbsauf/image/upload/v1788367041/tech-store/laptops/template-03.png","false","Dell Inspiron 3501 Laptop","","61640.0","0.0","0","10"
"true","LAPTOP","Apple MacBook Air 2020 MGN73HN Laptop laptop","LAP-000356","https://res.cloudinary.com/dngvbsauf/image/upload/v1788367043/tech-store/laptops/template-04.png","false","Apple MacBook Air 2020 MGN73HN Laptop","","109990.0","0.0","0","10"
"true","LAPTOP","Dell Inspiron 3593 Laptop laptop","LAP-000357","https://res.cloudinary.com/dngvbsauf/image/upload/v1788367045/tech-store/laptops/template-05.jpg","false","Dell Inspiron 3593 Laptop","","36990.0","0.0","0","10"
"true","LAPTOP","Microsoft Surface Laptop 3 1873 laptop","LAP-000358","https://res.cloudinary.com/dngvbsauf/image/upload/v1788367046/tech-store/laptops/template-06.jpg","false","Microsoft Surface Laptop 3 1873","","99990.0","0.0","0","10"
"true","LAPTOP","HP EliteBook 840 G6 laptop","LAP-000359","https://res.cloudinary.com/dngvbsauf/image/upload/v1788367048/tech-store/laptops/template-07.jpg","false","HP EliteBook 840 G6","","146000.0","0.0","0","10"
"true","LAPTOP","Dell Latitude 5320 2-in-1 Laptop laptop","LAP-000360","https://res.cloudinary.com/dngvbsauf/image/upload/v1788367049/tech-store/laptops/template-08.png","false","Dell Latitude 5320 2-in-1 Laptop","","87999.0","0.0","0","10"
"true","LAPTOP","Lenovo V15 ITL 82KBA03JIH Laptop laptop","LAP-000361","https://res.cloudinary.com/dngvbsauf/image/upload/v1788367038/tech-store/laptops/template-01.png","false","Lenovo V15 ITL 82KBA03JIH Laptop","","33990.0","0.0","0","10"
"true","LAPTOP","Asus VivoBook 15 X1500EA-EJ3381WS Laptop laptop","LAP-000362","https://res.cloudinary.com/dngvbsauf/image/upload/v1788367040/tech-store/laptops/template-02.jpg","false","Asus VivoBook 15 X1500EA-EJ3381WS Laptop","","39400.0","0.0","0","10"
"true","LAPTOP","HP Envy x360 15-ew0037TU Laptop laptop","LAP-000363","https://res.cloudinary.com/dngvbsauf/image/upload/v1788367041/tech-store/laptops/template-03.png","false","HP Envy x360 15-ew0037TU Laptop","","82999.0","0.0","0","10"
"true","LAPTOP","HP 15s-eq2213AU Laptop laptop","LAP-000364","https://res.cloudinary.com/dngvbsauf/image/upload/v1788367043/tech-store/laptops/template-04.png","false","HP 15s-eq2213AU Laptop","","40960.0","0.0","0","10"
"true","LAPTOP","Asus Vivobook Pro 16X OLED N7601ZM-MQ711WS Gaming Laptop laptop","LAP-000365","https://res.cloudinary.com/dngvbsauf/image/upload/v1788367045/tech-store/laptops/template-05.jpg","false","Asus Vivobook Pro 16X OLED N7601ZM-MQ711WS Gaming Laptop","","168990.0","0.0","0","10"
"true","LAPTOP","HP Victus 16-d0310TX Gaming Laptop laptop","LAP-000366","https://res.cloudinary.com/dngvbsauf/image/upload/v1788367046/tech-store/laptops/template-06.jpg","false","HP Victus 16-d0310TX Gaming Laptop","","84419.0","0.0","0","10"
"true","LAPTOP","HP Victus 15-fb0777AX Gaming Laptop laptop","LAP-000367","https://res.cloudinary.com/dngvbsauf/image/upload/v1788367048/tech-store/laptops/template-07.jpg","false","HP Victus 15-fb0777AX Gaming Laptop","","70816.0","0.0","0","10"
"true","LAPTOP","HP Victus 16-d0311TX Gaming Laptop laptop","LAP-000368","https://res.cloudinary.com/dngvbsauf/image/upload/v1788367049/tech-store/laptops/template-08.png","false","HP Victus 16-d0311TX Gaming Laptop","","75990.0","0.0","0","10"
"true","LAPTOP","Dell G15-5520 D560897WIN9S Laptop laptop","LAP-000369","https://res.cloudinary.com/dngvbsauf/image/upload/v1788367038/tech-store/laptops/template-01.png","false","Dell G15-5520 D560897WIN9S Laptop","","149899.0","0.0","0","10"
"true","LAPTOP","HP Victus 16-e0333TX Gaming Laptop laptop","LAP-000370","https://res.cloudinary.com/dngvbsauf/image/upload/v1788367040/tech-store/laptops/template-02.jpg","false","HP Victus 16-e0333TX Gaming Laptop","","92990.0","0.0","0","10"
"true","LAPTOP","Lenovo Legion 5 Pro 82RG00ELIN Laptop laptop","LAP-000371","https://res.cloudinary.com/dngvbsauf/image/upload/v1788367041/tech-store/laptops/template-03.png","false","Lenovo Legion 5 Pro 82RG00ELIN Laptop","","159990.0","0.0","0","10"
"true","LAPTOP","MSI Katana GF66 12UD Gaming Laptop laptop","LAP-000372","https://res.cloudinary.com/dngvbsauf/image/upload/v1788367043/tech-store/laptops/template-04.png","false","MSI Katana GF66 12UD Gaming Laptop","","105000.0","0.0","0","10"
"true","LAPTOP","MSI Pulse GL66 12UGSZOK Gaming Laptop laptop","LAP-000373","https://res.cloudinary.com/dngvbsauf/image/upload/v1788367045/tech-store/laptops/template-05.jpg","false","MSI Pulse GL66 12UGSZOK Gaming Laptop","","209000.0","0.0","0","10"
"true","LAPTOP","HP Pavilion 15-eg2091TU Laptop laptop","LAP-000374","https://res.cloudinary.com/dngvbsauf/image/upload/v1788367046/tech-store/laptops/template-06.jpg","false","HP Pavilion 15-eg2091TU Laptop","","74098.0","0.0","0","10"
"true","LAPTOP","HP Envy x360 15-ew0043TU 2-in-1 Laptop laptop","LAP-000375","https://res.cloudinary.com/dngvbsauf/image/upload/v1788367048/tech-store/laptops/template-07.jpg","false","HP Envy x360 15-ew0043TU 2-in-1 Laptop","","99999.0","0.0","0","10"
"true","LAPTOP","HP Envy x360 15-ew0047TU 2-in-1 Laptop laptop","LAP-000376","https://res.cloudinary.com/dngvbsauf/image/upload/v1788367049/tech-store/laptops/template-08.png","false","HP Envy x360 15-ew0047TU 2-in-1 Laptop","","116000.0","0.0","0","10"
"true","LAPTOP","HP ProBook 445 G8 Laptop laptop","LAP-000377","https://res.cloudinary.com/dngvbsauf/image/upload/v1788367038/tech-store/laptops/template-01.png","false","HP ProBook 445 G8 Laptop","","73999.0","0.0","0","10"
"true","LAPTOP","Apple MacBook Pro 16 inch Laptop laptop","LAP-000378","https://res.cloudinary.com/dngvbsauf/image/upload/v1788367040/tech-store/laptops/template-02.jpg","false","Apple MacBook Pro 16 inch Laptop","","269900.0","0.0","0","10"
"true","LAPTOP","Apple MacBook Pro 16 inch Laptop laptop","LAP-000379","https://res.cloudinary.com/dngvbsauf/image/upload/v1788367041/tech-store/laptops/template-03.png","false","Apple MacBook Pro 16 inch Laptop","","249900.0","0.0","0","10"
"true","LAPTOP","Apple MacBook Pro 14 inch Laptop laptop","LAP-000380","https://res.cloudinary.com/dngvbsauf/image/upload/v1788367043/tech-store/laptops/template-04.png","false","Apple MacBook Pro 14 inch Laptop","","309900.0","0.0","0","10"
"true","LAPTOP","Apple MacBook Pro 14 inch Laptop laptop","LAP-000381","https://res.cloudinary.com/dngvbsauf/image/upload/v1788367045/tech-store/laptops/template-05.jpg","false","Apple MacBook Pro 14 inch Laptop","","249900.0","0.0","0","10"
"true","LAPTOP","Apple MacBook Pro 14 inch Laptop laptop","LAP-000382","https://res.cloudinary.com/dngvbsauf/image/upload/v1788367046/tech-store/laptops/template-06.jpg","false","Apple MacBook Pro 14 inch Laptop","","199900.0","0.0","0","10"
"true","LAPTOP","HP Pavilion Plus 14-eh0037TU Laptop laptop","LAP-000383","https://res.cloudinary.com/dngvbsauf/image/upload/v1788367048/tech-store/laptops/template-07.jpg","false","HP Pavilion Plus 14-eh0037TU Laptop","","81990.0","0.0","0","10"
"true","LAPTOP","Apple MacBook Pro 2022 Laptop laptop","LAP-000384","https://res.cloudinary.com/dngvbsauf/image/upload/v1788367049/tech-store/laptops/template-08.png","false","Apple MacBook Pro 2022 Laptop","","149000.0","0.0","0","10"
"true","LAPTOP","Apple MacBook Air M2 2022 Laptop laptop","LAP-000385","https://res.cloudinary.com/dngvbsauf/image/upload/v1788367038/tech-store/laptops/template-01.png","false","Apple MacBook Air M2 2022 Laptop","","159000.0","0.0","0","10"
"true","LAPTOP","Apple MacBook Air 2022 Laptop laptop","LAP-000386","https://res.cloudinary.com/dngvbsauf/image/upload/v1788367040/tech-store/laptops/template-02.jpg","false","Apple MacBook Air 2022 Laptop","","137900.0","0.0","0","10"
"true","LAPTOP","Samsung Galaxy Book2 NP550XED-KA2IN Laptop laptop","LAP-000387","https://res.cloudinary.com/dngvbsauf/image/upload/v1788367041/tech-store/laptops/template-03.png","false","Samsung Galaxy Book2 NP550XED-KA2IN Laptop","","70990.0","0.0","0","10"
"true","LAPTOP","Lenovo Legion 7i 82TD009KIN Gaming Laptop laptop","LAP-000388","https://res.cloudinary.com/dngvbsauf/image/upload/v1788367043/tech-store/laptops/template-04.png","false","Lenovo Legion 7i 82TD009KIN Gaming Laptop","","359990.0","0.0","0","10"
"true","LAPTOP","Dell Inspiron 3511 D560783WIN9BD Laptop laptop","LAP-000389","https://res.cloudinary.com/dngvbsauf/image/upload/v1788367045/tech-store/laptops/template-05.jpg","false","Dell Inspiron 3511 D560783WIN9BD Laptop","","61202.0","0.0","0","10"
"true","LAPTOP","Dell Vostro 3425 D552308WIN9B Laptop laptop","LAP-000390","https://res.cloudinary.com/dngvbsauf/image/upload/v1788367046/tech-store/laptops/template-06.jpg","false","Dell Vostro 3425 D552308WIN9B Laptop","","50852.0","0.0","0","10"
"true","LAPTOP","HP 245 G8 ‎6E3Z1PA Laptop laptop","LAP-000391","https://res.cloudinary.com/dngvbsauf/image/upload/v1788367048/tech-store/laptops/template-07.jpg","false","HP 245 G8 ‎6E3Z1PA Laptop","","36000.0","0.0","0","10"
"true","LAPTOP","MSI Modern 14 C12M-269IN Laptop laptop","LAP-000392","https://res.cloudinary.com/dngvbsauf/image/upload/v1788367049/tech-store/laptops/template-08.png","false","MSI Modern 14 C12M-269IN Laptop","","44990.0","0.0","0","10"
"true","LAPTOP","Dell Inspiron 5420 ICC-C782537WIN8 Laptop laptop","LAP-000393","https://res.cloudinary.com/dngvbsauf/image/upload/v1788367038/tech-store/laptops/template-01.png","false","Dell Inspiron 5420 ICC-C782537WIN8 Laptop","","91958.0","0.0","0","10"
"true","LAPTOP","HP 15s-du3612TU Laptop laptop","LAP-000394","https://res.cloudinary.com/dngvbsauf/image/upload/v1788367040/tech-store/laptops/template-02.jpg","false","HP 15s-du3612TU Laptop","","41990.0","0.0","0","10"
"true","LAPTOP","Infinix INBook X2 Plus XL25 Laptop laptop","LAP-000395","https://res.cloudinary.com/dngvbsauf/image/upload/v1788367041/tech-store/laptops/template-03.png","false","Infinix INBook X2 Plus XL25 Laptop","","49990.0","0.0","0","10"
"true","LAPTOP","Dell Inspiron 3520 Laptop laptop","LAP-000396","https://res.cloudinary.com/dngvbsauf/image/upload/v1788367043/tech-store/laptops/template-04.png","false","Dell Inspiron 3520 Laptop","","62029.0","0.0","0","10"
"true","LAPTOP","Dell Vostro 3420 Laptop laptop","LAP-000397","https://res.cloudinary.com/dngvbsauf/image/upload/v1788367045/tech-store/laptops/template-05.jpg","false","Dell Vostro 3420 Laptop","","69900.0","0.0","0","10"
"true","LAPTOP","Dell Inspiron 3520 2022 Laptop laptop","LAP-000398","https://res.cloudinary.com/dngvbsauf/image/upload/v1788367046/tech-store/laptops/template-06.jpg","false","Dell Inspiron 3520 2022 Laptop","","72990.0","0.0","0","10"
"true","LAPTOP","HP Envy x360 15-ew0040TU Laptop laptop","LAP-000399","https://res.cloudinary.com/dngvbsauf/image/upload/v1788367048/tech-store/laptops/template-07.jpg","false","HP Envy x360 15-ew0040TU Laptop","","77990.0","0.0","0","10"
"true","LAPTOP","HP Envy x360 15-ew0048TU Laptop laptop","LAP-000400","https://res.cloudinary.com/dngvbsauf/image/upload/v1788367049/tech-store/laptops/template-08.png","false","HP Envy x360 15-ew0048TU Laptop","","109990.0","0.0","0","10"
"true","LAPTOP","HP Envy x360 15-ew0043TU Laptop laptop","LAP-000401","https://res.cloudinary.com/dngvbsauf/image/upload/v1788367038/tech-store/laptops/template-01.png","false","HP Envy x360 15-ew0043TU Laptop","","84990.0","0.0","0","10"
"true","LAPTOP","Dell G15-5520 Gaming Laptop laptop","LAP-000402","https://res.cloudinary.com/dngvbsauf/image/upload/v1788367040/tech-store/laptops/template-02.jpg","false","Dell G15-5520 Gaming Laptop","","79990.0","0.0","0","10"
"true","LAPTOP","HP Pavilion 14-ec1005AU Laptop laptop","LAP-000403","https://res.cloudinary.com/dngvbsauf/image/upload/v1788367041/tech-store/laptops/template-03.png","false","HP Pavilion 14-ec1005AU Laptop","","59815.0","0.0","0","10"
"true","LAPTOP","HP Pavilion 14-ec1005AU Laptop laptop","LAP-000404","https://res.cloudinary.com/dngvbsauf/image/upload/v1788367043/tech-store/laptops/template-04.png","false","HP Pavilion 14-ec1005AU Laptop","","75990.0","0.0","0","10"
"true","LAPTOP","HP Envy x360 13-bf0121TU  Laptop laptop","LAP-000405","https://res.cloudinary.com/dngvbsauf/image/upload/v1788367045/tech-store/laptops/template-05.jpg","false","HP Envy x360 13-bf0121TU  Laptop","","79990.0","0.0","0","10"
"true","LAPTOP","HP Envy x360 13-ay1064AU 2-in-1 Laptop laptop","LAP-000406","https://res.cloudinary.com/dngvbsauf/image/upload/v1788367046/tech-store/laptops/template-06.jpg","false","HP Envy x360 13-ay1064AU 2-in-1 Laptop","","98000.0","0.0","0","10"
"true","LAPTOP","Dell Vostro 3520 Laptop laptop","LAP-000407","https://res.cloudinary.com/dngvbsauf/image/upload/v1788367048/tech-store/laptops/template-07.jpg","false","Dell Vostro 3520 Laptop","","60070.0","0.0","0","10"
"true","LAPTOP","Asus ROG Zephyrus G15 GA503RMZ-LN155WS Gaming Laptop laptop","LAP-000408","https://res.cloudinary.com/dngvbsauf/image/upload/v1788367049/tech-store/laptops/template-08.png","false","Asus ROG Zephyrus G15 GA503RMZ-LN155WS Gaming Laptop","","157990.0","0.0","0","10"
"true","LAPTOP","Dell Vostro 3420 Laptop laptop","LAP-000409","https://res.cloudinary.com/dngvbsauf/image/upload/v1788367038/tech-store/laptops/template-01.png","false","Dell Vostro 3420 Laptop","","57990.0","0.0","0","10"
"true","LAPTOP","Dell Vostro 3525 Laptop laptop","LAP-000410","https://res.cloudinary.com/dngvbsauf/image/upload/v1788367040/tech-store/laptops/template-02.jpg","false","Dell Vostro 3525 Laptop","","55530.0","0.0","0","10"
"true","LAPTOP","Dell Vostro 3525 Laptop laptop","LAP-000411","https://res.cloudinary.com/dngvbsauf/image/upload/v1788367041/tech-store/laptops/template-03.png","false","Dell Vostro 3525 Laptop","","51499.0","0.0","0","10"
"true","LAPTOP","Dell Vostro 3420 Laptop laptop","LAP-000412","https://res.cloudinary.com/dngvbsauf/image/upload/v1788367043/tech-store/laptops/template-04.png","false","Dell Vostro 3420 Laptop","","43990.0","0.0","0","10"
"true","LAPTOP","Asus ROG Zephyrus G15 GA503RSZ-HQ061WS Gaming Laptop laptop","LAP-000413","https://res.cloudinary.com/dngvbsauf/image/upload/v1788367045/tech-store/laptops/template-05.jpg","false","Asus ROG Zephyrus G15 GA503RSZ-HQ061WS Gaming Laptop","","211990.0","0.0","0","10"
"true","LAPTOP","MSI Modern 15 B12M Laptop laptop","LAP-000414","https://res.cloudinary.com/dngvbsauf/image/upload/v1788367046/tech-store/laptops/template-06.jpg","false","MSI Modern 15 B12M Laptop","","67990.0","0.0","0","10"
"true","LAPTOP","MSI Modern 15 B12M Laptop laptop","LAP-000415","https://res.cloudinary.com/dngvbsauf/image/upload/v1788367048/tech-store/laptops/template-07.jpg","false","MSI Modern 15 B12M Laptop","","57990.0","0.0","0","10"
"true","LAPTOP","MSI Modern 14 C12M Laptop laptop","LAP-000416","https://res.cloudinary.com/dngvbsauf/image/upload/v1788367049/tech-store/laptops/template-08.png","false","MSI Modern 14 C12M Laptop","","56990.0","0.0","0","10"
"true","LAPTOP","Asus Vivobook 15 X1502ZA-EJ381WS Laptop laptop","LAP-000417","https://res.cloudinary.com/dngvbsauf/image/upload/v1788367038/tech-store/laptops/template-01.png","false","Asus Vivobook 15 X1502ZA-EJ381WS Laptop","","42990.0","0.0","0","10"
"true","LAPTOP","HP 240 G8 Business Laptop laptop","LAP-000418","https://res.cloudinary.com/dngvbsauf/image/upload/v1788367040/tech-store/laptops/template-02.jpg","false","HP 240 G8 Business Laptop","","52999.0","0.0","0","10"
"true","LAPTOP","HP Victus 15-fa0031dx Gaming Laptop laptop","LAP-000419","https://res.cloudinary.com/dngvbsauf/image/upload/v1788367041/tech-store/laptops/template-03.png","false","HP Victus 15-fa0031dx Gaming Laptop","","79888.0","0.0","0","10"
"true","LAPTOP","Lenovo Thinkpad P15v 21AAS05L00 Laptop laptop","LAP-000420","https://res.cloudinary.com/dngvbsauf/image/upload/v1788367043/tech-store/laptops/template-04.png","false","Lenovo Thinkpad P15v 21AAS05L00 Laptop","","159999.0","0.0","0","10"
"true","LAPTOP","Acer Aspire 5 A515-57 2022 Laptop laptop","LAP-000421","https://res.cloudinary.com/dngvbsauf/image/upload/v1788367045/tech-store/laptops/template-05.jpg","false","Acer Aspire 5 A515-57 2022 Laptop","","61990.0","0.0","0","10"
"true","LAPTOP","HP Pavilion x360 14-ek0137TU Laptop laptop","LAP-000422","https://res.cloudinary.com/dngvbsauf/image/upload/v1788367046/tech-store/laptops/template-06.jpg","false","HP Pavilion x360 14-ek0137TU Laptop","","59990.0","0.0","0","10"
"true","LAPTOP","Dell Vostro 3510 ICC-D585046WIN8 Laptop laptop","LAP-000423","https://res.cloudinary.com/dngvbsauf/image/upload/v1788367048/tech-store/laptops/template-07.jpg","false","Dell Vostro 3510 ICC-D585046WIN8 Laptop","","32990.0","0.0","0","10"
"true","LAPTOP","HP 240 G8 4K5D5PA Business Laptop laptop","LAP-000424","https://res.cloudinary.com/dngvbsauf/image/upload/v1788367049/tech-store/laptops/template-08.png","false","HP 240 G8 4K5D5PA Business Laptop","","35000.0","0.0","0","10"
"true","LAPTOP","Lenovo E41-55 82FJ00B5IH Laptop laptop","LAP-000425","https://res.cloudinary.com/dngvbsauf/image/upload/v1788367038/tech-store/laptops/template-01.png","false","Lenovo E41-55 82FJ00B5IH Laptop","","18990.0","0.0","0","10"
"true","LAPTOP","Lenovo E41-55 82FJ00B5IH Laptop laptop","LAP-000426","https://res.cloudinary.com/dngvbsauf/image/upload/v1788367040/tech-store/laptops/template-02.jpg","false","Lenovo E41-55 82FJ00B5IH Laptop","","18990.0","0.0","0","10"
"true","LAPTOP","MSI Katana GF66 12UC-632IN Gaming Laptop laptop","LAP-000427","https://res.cloudinary.com/dngvbsauf/image/upload/v1788367041/tech-store/laptops/template-03.png","false","MSI Katana GF66 12UC-632IN Gaming Laptop","","80990.0","0.0","0","10"
"true","LAPTOP","Lenovo IdeaPad Flex 5 14ALC7 82R9006PIN Laptop laptop","LAP-000428","https://res.cloudinary.com/dngvbsauf/image/upload/v1788367043/tech-store/laptops/template-04.png","false","Lenovo IdeaPad Flex 5 14ALC7 82R9006PIN Laptop","","72690.0","0.0","0","10"
"true","LAPTOP","Lenovo V14 Gen 2 ‎82C40019IX Laptop laptop","LAP-000429","https://res.cloudinary.com/dngvbsauf/image/upload/v1788367045/tech-store/laptops/template-05.jpg","false","Lenovo V14 Gen 2 ‎82C40019IX Laptop","","49999.0","0.0","0","10"
"true","LAPTOP","Asus ROG Strix G15 G513IE-HN088WS Gaming Laptop laptop","LAP-000430","https://res.cloudinary.com/dngvbsauf/image/upload/v1788367046/tech-store/laptops/template-06.jpg","false","Asus ROG Strix G15 G513IE-HN088WS Gaming Laptop","","76990.0","0.0","0","10"
"true","LAPTOP","Asus Vivobook 14 OLED UX3402ZA-KN531WS Laptop laptop","LAP-000431","https://res.cloudinary.com/dngvbsauf/image/upload/v1788367048/tech-store/laptops/template-07.jpg","false","Asus Vivobook 14 OLED UX3402ZA-KN531WS Laptop","","95980.0","0.0","0","10"
"true","LAPTOP","Lenovo IdeaPad Slim 3 82RJ0040IN Laptop laptop","LAP-000432","https://res.cloudinary.com/dngvbsauf/image/upload/v1788367049/tech-store/laptops/template-08.png","false","Lenovo IdeaPad Slim 3 82RJ0040IN Laptop","","52900.0","0.0","0","10"
"true","LAPTOP","Ultimus S151 NU14U2INC43VN-CS Laptop laptop","LAP-000433","https://res.cloudinary.com/dngvbsauf/image/upload/v1788367038/tech-store/laptops/template-01.png","false","Ultimus S151 NU14U2INC43VN-CS Laptop","","19990.0","0.0","0","10"
"true","LAPTOP","HP Pavilion 14-dv2014TU Laptop laptop","LAP-000434","https://res.cloudinary.com/dngvbsauf/image/upload/v1788367040/tech-store/laptops/template-02.jpg","false","HP Pavilion 14-dv2014TU Laptop","","68918.0","0.0","0","10"
"true","LAPTOP","Ultimus S151 NU14U2INC43VD-CS Laptop laptop","LAP-000435","https://res.cloudinary.com/dngvbsauf/image/upload/v1788367041/tech-store/laptops/template-03.png","false","Ultimus S151 NU14U2INC43VD-CS Laptop","","17990.0","0.0","0","10"
"true","LAPTOP","Ultimus S152 NU15U2INC44VN-SG Laptop laptop","LAP-000436","https://res.cloudinary.com/dngvbsauf/image/upload/v1788367043/tech-store/laptops/template-04.png","false","Ultimus S152 NU15U2INC44VN-SG Laptop","","23990.0","0.0","0","10"
"true","LAPTOP","Lenovo Legion S7 82TF007LIN Gaming Laptop laptop","LAP-000437","https://res.cloudinary.com/dngvbsauf/image/upload/v1788367045/tech-store/laptops/template-05.jpg","false","Lenovo Legion S7 82TF007LIN Gaming Laptop","","149990.0","0.0","0","10"
"true","LAPTOP","Acer Aspire 5 A515-57 NX.K2VSI.002 Laptop laptop","LAP-000438","https://res.cloudinary.com/dngvbsauf/image/upload/v1788367046/tech-store/laptops/template-06.jpg","false","Acer Aspire 5 A515-57 NX.K2VSI.002 Laptop","","42990.0","0.0","0","10"
"true","LAPTOP","MSI Stealth GS66 12UGS-290IN Gaming Laptop laptop","LAP-000439","https://res.cloudinary.com/dngvbsauf/image/upload/v1788367048/tech-store/laptops/template-07.jpg","false","MSI Stealth GS66 12UGS-290IN Gaming Laptop","","288990.0","0.0","0","10"
"true","LAPTOP","HP Envy x360 13-AY1065AU Laptop laptop","LAP-000440","https://res.cloudinary.com/dngvbsauf/image/upload/v1788367049/tech-store/laptops/template-08.png","false","HP Envy x360 13-AY1065AU Laptop","","75190.0","0.0","0","10"
"true","LAPTOP","Dell Latitude 14 7420 Laptop laptop","LAP-000441","https://res.cloudinary.com/dngvbsauf/image/upload/v1788367038/tech-store/laptops/template-01.png","false","Dell Latitude 14 7420 Laptop","","98280.0","0.0","0","10"
"true","LAPTOP","Acer Aspire 5 A515-57 Laptop laptop","LAP-000442","https://res.cloudinary.com/dngvbsauf/image/upload/v1788367040/tech-store/laptops/template-02.jpg","false","Acer Aspire 5 A515-57 Laptop","","57990.0","0.0","0","10"
"true","LAPTOP","Lenovo IdeaPad Slim 3 82H802XXIN Laptop laptop","LAP-000443","https://res.cloudinary.com/dngvbsauf/image/upload/v1788367041/tech-store/laptops/template-03.png","false","Lenovo IdeaPad Slim 3 82H802XXIN Laptop","","59290.0","0.0","0","10"
"true","LAPTOP","Gigabyte G5 KE RC55KE Laptop laptop","LAP-000444","https://res.cloudinary.com/dngvbsauf/image/upload/v1788367043/tech-store/laptops/template-04.png","false","Gigabyte G5 KE RC55KE Laptop","","103890.0","0.0","0","10"
"true","LAPTOP","Gigabyte G5 ME RC55ME Laptop laptop","LAP-000445","https://res.cloudinary.com/dngvbsauf/image/upload/v1788367045/tech-store/laptops/template-05.jpg","false","Gigabyte G5 ME RC55ME Laptop","","85990.0","0.0","0","10"
"true","LAPTOP","Gigabyte G5 GE RC55GE Laptop laptop","LAP-000446","https://res.cloudinary.com/dngvbsauf/image/upload/v1788367046/tech-store/laptops/template-06.jpg","false","Gigabyte G5 GE RC55GE Laptop","","109990.0","0.0","0","10"
"true","LAPTOP","Dell Inspiron 7420 D560918WIN9S Laptop laptop","LAP-000447","https://res.cloudinary.com/dngvbsauf/image/upload/v1788367048/tech-store/laptops/template-07.jpg","false","Dell Inspiron 7420 D560918WIN9S Laptop","","74990.0","0.0","0","10"
"true","LAPTOP","Lenovo ThinkPad X13 21BNS03K00 Laptop laptop","LAP-000448","https://res.cloudinary.com/dngvbsauf/image/upload/v1788367049/tech-store/laptops/template-08.png","false","Lenovo ThinkPad X13 21BNS03K00 Laptop","","200000.0","0.0","0","10"
"true","LAPTOP","Acer Nitro 5 AN515-45 UN.QCLSI.005 Gaming Laptop laptop","LAP-000449","https://res.cloudinary.com/dngvbsauf/image/upload/v1788367038/tech-store/laptops/template-01.png","false","Acer Nitro 5 AN515-45 UN.QCLSI.005 Gaming Laptop","","75990.0","0.0","0","10"
"true","LAPTOP","Acer Nitro 5 AN515-45 UN.QCLSI.006 Gaming Laptop laptop","LAP-000450","https://res.cloudinary.com/dngvbsauf/image/upload/v1788367040/tech-store/laptops/template-02.jpg","false","Acer Nitro 5 AN515-45 UN.QCLSI.006 Gaming Laptop","","68990.0","0.0","0","10"
"true","LAPTOP","Acer Nitro 5 AN515-45 UN.QBMSI.009 Gaming Laptop laptop","LAP-000451","https://res.cloudinary.com/dngvbsauf/image/upload/v1788367041/tech-store/laptops/template-03.png","false","Acer Nitro 5 AN515-45 UN.QBMSI.009 Gaming Laptop","","63990.0","0.0","0","10"
"true","LAPTOP","HP Envy x360 13-bf0085TU Laptop laptop","LAP-000452","https://res.cloudinary.com/dngvbsauf/image/upload/v1788367043/tech-store/laptops/template-04.png","false","HP Envy x360 13-bf0085TU Laptop","","79990.0","0.0","0","10"
"true","LAPTOP","HP 240 G8 Business Laptop laptop","LAP-000453","https://res.cloudinary.com/dngvbsauf/image/upload/v1788367045/tech-store/laptops/template-05.jpg","false","HP 240 G8 Business Laptop","","34440.0","0.0","0","10"
"true","LAPTOP","Lenovo Ideapad Slim 3 81WD014XIN Laptop laptop","LAP-000454","https://res.cloudinary.com/dngvbsauf/image/upload/v1788367046/tech-store/laptops/template-06.jpg","false","Lenovo Ideapad Slim 3 81WD014XIN Laptop","","31990.0","0.0","0","10"
"true","LAPTOP","Lenovo ThinkPad T14 20W0S1HU00 Laptop laptop","LAP-000455","https://res.cloudinary.com/dngvbsauf/image/upload/v1788367048/tech-store/laptops/template-07.jpg","false","Lenovo ThinkPad T14 20W0S1HU00 Laptop","","140200.0","0.0","0","10"
"true","LAPTOP","HP Pavilion 14-ek0084TU Laptop laptop","LAP-000456","https://res.cloudinary.com/dngvbsauf/image/upload/v1788367049/tech-store/laptops/template-08.png","false","HP Pavilion 14-ek0084TU Laptop","","71020.0","0.0","0","10"
"true","LAPTOP","Asus Eeebook 14 E410KA-BV092W Laptop laptop","LAP-000457","https://res.cloudinary.com/dngvbsauf/image/upload/v1788367038/tech-store/laptops/template-01.png","false","Asus Eeebook 14 E410KA-BV092W Laptop","","24500.0","0.0","0","10"
"true","LAPTOP","HP 240 G8 689T7PA Business Laptop laptop","LAP-000458","https://res.cloudinary.com/dngvbsauf/image/upload/v1788367040/tech-store/laptops/template-02.jpg","false","HP 240 G8 689T7PA Business Laptop","","34440.0","0.0","0","10"
"true","LAPTOP","Lenovo ThinkPad E14 G3 20Y700B5IG Laptop laptop","LAP-000459","https://res.cloudinary.com/dngvbsauf/image/upload/v1788367041/tech-store/laptops/template-03.png","false","Lenovo ThinkPad E14 G3 20Y700B5IG Laptop","","74990.0","0.0","0","10"
"true","LAPTOP","Lenovo V14 82KAA057IH Laptop laptop","LAP-000460","https://res.cloudinary.com/dngvbsauf/image/upload/v1788367043/tech-store/laptops/template-04.png","false","Lenovo V14 82KAA057IH Laptop","","32499.0","0.0","0","10"
"true","LAPTOP","Lenovo IdeaPad Slim 3 82H802XVIN Laptop laptop","LAP-000461","https://res.cloudinary.com/dngvbsauf/image/upload/v1788367045/tech-store/laptops/template-05.jpg","false","Lenovo IdeaPad Slim 3 82H802XVIN Laptop","","37100.0","0.0","0","10"
"true","LAPTOP","Acer Chromebook Enterprise Spin 513 R841LT-S6DJ Laptop laptop","LAP-000462","https://res.cloudinary.com/dngvbsauf/image/upload/v1788367046/tech-store/laptops/template-06.jpg","false","Acer Chromebook Enterprise Spin 513 R841LT-S6DJ Laptop","","47990.0","0.0","0","10"
"true","LAPTOP","Lenovo ThinkPad E14 Gen 2 20TAS08F00 Laptop laptop","LAP-000463","https://res.cloudinary.com/dngvbsauf/image/upload/v1788367048/tech-store/laptops/template-07.jpg","false","Lenovo ThinkPad E14 Gen 2 20TAS08F00 Laptop","","76890.0","0.0","0","10"
"true","LAPTOP","Dell Inspiron 3520 D560878WIN9S Laptop laptop","LAP-000464","https://res.cloudinary.com/dngvbsauf/image/upload/v1788367049/tech-store/laptops/template-08.png","false","Dell Inspiron 3520 D560878WIN9S Laptop","","64490.0","0.0","0","10"
"true","LAPTOP","Asus Vivobook 14 OLED UX3402ZA-KN731WS Laptop laptop","LAP-000465","https://res.cloudinary.com/dngvbsauf/image/upload/v1788367038/tech-store/laptops/template-01.png","false","Asus Vivobook 14 OLED UX3402ZA-KN731WS Laptop","","108990.0","0.0","0","10"
"true","LAPTOP","Lenovo Ideapad Slim 3 81WB01FYIN Laptop laptop","LAP-000466","https://res.cloudinary.com/dngvbsauf/image/upload/v1788367040/tech-store/laptops/template-02.jpg","false","Lenovo Ideapad Slim 3 81WB01FYIN Laptop","","33990.0","0.0","0","10"
"true","LAPTOP","Dell Inspiron 3525 D560863WIN9B Laptop laptop","LAP-000467","https://res.cloudinary.com/dngvbsauf/image/upload/v1788367041/tech-store/laptops/template-03.png","false","Dell Inspiron 3525 D560863WIN9B Laptop","","51490.0","0.0","0","10"
"true","LAPTOP","Lenovo Thinkpad E14 Gen 2 20TAS0Y800 Laptop laptop","LAP-000468","https://res.cloudinary.com/dngvbsauf/image/upload/v1788367043/tech-store/laptops/template-04.png","false","Lenovo Thinkpad E14 Gen 2 20TAS0Y800 Laptop","","72990.0","0.0","0","10"
"true","LAPTOP","Asus TUF Gaming F15 FX506LHB-HN358W Gaming Laptop laptop","LAP-000469","https://res.cloudinary.com/dngvbsauf/image/upload/v1788367045/tech-store/laptops/template-05.jpg","false","Asus TUF Gaming F15 FX506LHB-HN358W Gaming Laptop","","54990.0","0.0","0","10"
"true","LAPTOP","MSI Stealth 17M A12UE Gaming Laptop laptop","LAP-000470","https://res.cloudinary.com/dngvbsauf/image/upload/v1788367046/tech-store/laptops/template-06.jpg","false","MSI Stealth 17M A12UE Gaming Laptop","","149990.0","0.0","0","10"
"true","LAPTOP","MSI Modern 15 A5M-055IN Laptop laptop","LAP-000471","https://res.cloudinary.com/dngvbsauf/image/upload/v1788367048/tech-store/laptops/template-07.jpg","false","MSI Modern 15 A5M-055IN Laptop","","57990.0","0.0","0","10"
"true","LAPTOP","Lenovo Thinkpad E14 Gen 2 20TAS0E800 Laptop laptop","LAP-000472","https://res.cloudinary.com/dngvbsauf/image/upload/v1788367049/tech-store/laptops/template-08.png","false","Lenovo Thinkpad E14 Gen 2 20TAS0E800 Laptop","","77500.0","0.0","0","10"
"true","LAPTOP","Dell Vostro 3420 D552278WIN9S Laptop laptop","LAP-000473","https://res.cloudinary.com/dngvbsauf/image/upload/v1788367038/tech-store/laptops/template-01.png","false","Dell Vostro 3420 D552278WIN9S Laptop","","47000.0","0.0","0","10"
"true","LAPTOP","Lenovo ‎ThinkPad E14 Gen 4 Laptop laptop","LAP-000474","https://res.cloudinary.com/dngvbsauf/image/upload/v1788367040/tech-store/laptops/template-02.jpg","false","Lenovo ‎ThinkPad E14 Gen 4 Laptop","","74500.0","0.0","0","10"
"true","LAPTOP","Dell Alienware X17 R1 D569936WIN9 Gaming Laptop laptop","LAP-000475","https://res.cloudinary.com/dngvbsauf/image/upload/v1788367041/tech-store/laptops/template-03.png","false","Dell Alienware X17 R1 D569936WIN9 Gaming Laptop","","312199.0","0.0","0","10"
"true","LAPTOP","Lenovo V15 82KBA02UIH Laptop laptop","LAP-000476","https://res.cloudinary.com/dngvbsauf/image/upload/v1788367043/tech-store/laptops/template-04.png","false","Lenovo V15 82KBA02UIH Laptop","","36990.0","0.0","0","10"
"true","LAPTOP","Lenovo Thinkpad P15v 21D8S00V00 Laptop laptop","LAP-000477","https://res.cloudinary.com/dngvbsauf/image/upload/v1788367045/tech-store/laptops/template-05.jpg","false","Lenovo Thinkpad P15v 21D8S00V00 Laptop","","190400.0","0.0","0","10"
"true","LAPTOP","Microsoft Surface Laptop 5 ‎RBG-00048 13.5 inch laptop","LAP-000478","https://res.cloudinary.com/dngvbsauf/image/upload/v1788367046/tech-store/laptops/template-06.jpg","false","Microsoft Surface Laptop 5 ‎RBG-00048 13.5 inch","","178999.0","0.0","0","10"
"true","LAPTOP","Microsoft Surface Pro 9 ‎QIL-00031 Laptop laptop","LAP-000479","https://res.cloudinary.com/dngvbsauf/image/upload/v1788367048/tech-store/laptops/template-07.jpg","false","Microsoft Surface Pro 9 ‎QIL-00031 Laptop","","167999.0","0.0","0","10"
"true","LAPTOP","Microsoft Surface Pro 9 ‎‎QIX-00031 Laptop laptop","LAP-000480","https://res.cloudinary.com/dngvbsauf/image/upload/v1788367049/tech-store/laptops/template-08.png","false","Microsoft Surface Pro 9 ‎‎QIX-00031 Laptop","","192990.0","0.0","0","10"
"true","LAPTOP","Microsoft Surface Laptop 5 ‎RIP-00048 15 inch laptop","LAP-000481","https://res.cloudinary.com/dngvbsauf/image/upload/v1788367038/tech-store/laptops/template-01.png","false","Microsoft Surface Laptop 5 ‎RIP-00048 15 inch","","182990.0","0.0","0","10"
"true","LAPTOP","Dell Inspiron 14 5415 Laptop laptop","LAP-000482","https://res.cloudinary.com/dngvbsauf/image/upload/v1788367040/tech-store/laptops/template-02.jpg","false","Dell Inspiron 14 5415 Laptop","","55999.0","0.0","0","10"
"true","LAPTOP","Lenovo Legion 5 Pro 82RF00E1IN Gaming Laptop laptop","LAP-000483","https://res.cloudinary.com/dngvbsauf/image/upload/v1788367041/tech-store/laptops/template-03.png","false","Lenovo Legion 5 Pro 82RF00E1IN Gaming Laptop","","218000.0","0.0","0","10"
"true","LAPTOP","Lenovo Ideapad Slim 3 81WE01QSIN Laptop laptop","LAP-000484","https://res.cloudinary.com/dngvbsauf/image/upload/v1788367043/tech-store/laptops/template-04.png","false","Lenovo Ideapad Slim 3 81WE01QSIN Laptop","","29990.0","0.0","0","10"
"true","LAPTOP","Acer Aspire 3 A315-58 Laptop laptop","LAP-000485","https://res.cloudinary.com/dngvbsauf/image/upload/v1788367045/tech-store/laptops/template-05.jpg","false","Acer Aspire 3 A315-58 Laptop","","49312.0","0.0","0","10"
"true","LAPTOP","Asus E410 Eeebook E410KA-BV003W Laptop laptop","LAP-000486","https://res.cloudinary.com/dngvbsauf/image/upload/v1788367046/tech-store/laptops/template-06.jpg","false","Asus E410 Eeebook E410KA-BV003W Laptop","","24415.0","0.0","0","10"
"true","LAPTOP","Asus Vivobook 15 2022 X1502ZA-EJ515WS Laptop laptop","LAP-000487","https://res.cloudinary.com/dngvbsauf/image/upload/v1788367048/tech-store/laptops/template-07.jpg","false","Asus Vivobook 15 2022 X1502ZA-EJ515WS Laptop","","56990.0","0.0","0","10"
"true","LAPTOP","Lenovo Thinkbook 14 20VD011EIH Laptop laptop","LAP-000488","https://res.cloudinary.com/dngvbsauf/image/upload/v1788367049/tech-store/laptops/template-08.png","false","Lenovo Thinkbook 14 20VD011EIH Laptop","","103600.0","0.0","0","10"
"true","LAPTOP","Acer Swift 3 SF314-43 Laptop laptop","LAP-000489","https://res.cloudinary.com/dngvbsauf/image/upload/v1788367038/tech-store/laptops/template-01.png","false","Acer Swift 3 SF314-43 Laptop","","61500.0","0.0","0","10"
"true","LAPTOP","Lenovo V15 G2-ITL 82KBA034IH Laptop laptop","LAP-000490","https://res.cloudinary.com/dngvbsauf/image/upload/v1788367040/tech-store/laptops/template-02.jpg","false","Lenovo V15 G2-ITL 82KBA034IH Laptop","","34499.0","0.0","0","10"
"true","LAPTOP","Dell XPS 9315 Laptop laptop","LAP-000491","https://res.cloudinary.com/dngvbsauf/image/upload/v1788367041/tech-store/laptops/template-03.png","false","Dell XPS 9315 Laptop","","185800.0","0.0","0","10"
"true","LAPTOP","Dell Inspiron 5415 Laptop laptop","LAP-000492","https://res.cloudinary.com/dngvbsauf/image/upload/v1788367043/tech-store/laptops/template-04.png","false","Dell Inspiron 5415 Laptop","","89976.0","0.0","0","10"
"true","LAPTOP","HP Victus 16-e0550AX Gaming Laptop laptop","LAP-000493","https://res.cloudinary.com/dngvbsauf/image/upload/v1788367045/tech-store/laptops/template-05.jpg","false","HP Victus 16-e0550AX Gaming Laptop","","68990.0","0.0","0","10"
"true","LAPTOP","Asus VivoBook 14 X415MA-BV102WS Laptop laptop","LAP-000494","https://res.cloudinary.com/dngvbsauf/image/upload/v1788367046/tech-store/laptops/template-06.jpg","false","Asus VivoBook 14 X415MA-BV102WS Laptop","","27990.0","0.0","0","10"
"true","LAPTOP","Asus VivoBook 15 2022 X515JA-EJ592WS Laptop laptop","LAP-000495","https://res.cloudinary.com/dngvbsauf/image/upload/v1788367048/tech-store/laptops/template-07.jpg","false","Asus VivoBook 15 2022 X515JA-EJ592WS Laptop","","44990.0","0.0","0","10"
"true","LAPTOP","Dell Inspiron 3520 Laptop laptop","LAP-000496","https://res.cloudinary.com/dngvbsauf/image/upload/v1788367049/tech-store/laptops/template-08.png","false","Dell Inspiron 3520 Laptop","","66111.0","0.0","0","10"
"true","LAPTOP","Dell G15-5520 D560895WIN9S Laptop laptop","LAP-000497","https://res.cloudinary.com/dngvbsauf/image/upload/v1788367038/tech-store/laptops/template-01.png","false","Dell G15-5520 D560895WIN9S Laptop","","124400.0","0.0","0","10"
"true","LAPTOP","Acer One 14 Z2-493 UN.431SI.129 Laptop laptop","LAP-000498","https://res.cloudinary.com/dngvbsauf/image/upload/v1788367040/tech-store/laptops/template-02.jpg","false","Acer One 14 Z2-493 UN.431SI.129 Laptop","","39999.0","0.0","0","10"
"true","LAPTOP","HP 15s-fq2670TU Laptop laptop","LAP-000499","https://res.cloudinary.com/dngvbsauf/image/upload/v1788367041/tech-store/laptops/template-03.png","false","HP 15s-fq2670TU Laptop","","37490.0","0.0","0","10"
"true","LAPTOP","Asus VivoBook 15 X515JA-EJ392WS Laptop laptop","LAP-000500","https://res.cloudinary.com/dngvbsauf/image/upload/v1788367043/tech-store/laptops/template-04.png","false","Asus VivoBook 15 X515JA-EJ392WS Laptop","","34490.0","0.0","0","10"
"true","LAPTOP","Lenovo IdeaPad Slim 3 82RK007JIN Laptop laptop","LAP-000501","https://res.cloudinary.com/dngvbsauf/image/upload/v1788367045/tech-store/laptops/template-05.jpg","false","Lenovo IdeaPad Slim 3 82RK007JIN Laptop","","45500.0","0.0","0","10"
"true","LAPTOP","Acer Chromebook 311 C733 Laptop laptop","LAP-000502","https://res.cloudinary.com/dngvbsauf/image/upload/v1788367046/tech-store/laptops/template-06.jpg","false","Acer Chromebook 311 C733 Laptop","","18490.0","0.0","0","10"
"true","LAPTOP","Dell Latitude 7420 Laptop laptop","LAP-000503","https://res.cloudinary.com/dngvbsauf/image/upload/v1788367048/tech-store/laptops/template-07.jpg","false","Dell Latitude 7420 Laptop","","112500.0","0.0","0","10"
"true","LAPTOP","HP ProBook 445 G7 Laptop laptop","LAP-000504","https://res.cloudinary.com/dngvbsauf/image/upload/v1788367049/tech-store/laptops/template-08.png","false","HP ProBook 445 G7 Laptop","","49999.0","0.0","0","10"
"true","LAPTOP","Lenovo V15 82C3002VGE Laptop laptop","LAP-000505","https://res.cloudinary.com/dngvbsauf/image/upload/v1788367038/tech-store/laptops/template-01.png","false","Lenovo V15 82C3002VGE Laptop","","23999.0","0.0","0","10"
"true","LAPTOP","Dell Vostro 3425 D552267WIN9S Laptop laptop","LAP-000506","https://res.cloudinary.com/dngvbsauf/image/upload/v1788367040/tech-store/laptops/template-02.jpg","false","Dell Vostro 3425 D552267WIN9S Laptop","","60990.0","0.0","0","10"
"true","LAPTOP","Dell G15-5525 Gaming Laptop laptop","LAP-000507","https://res.cloudinary.com/dngvbsauf/image/upload/v1788367041/tech-store/laptops/template-03.png","false","Dell G15-5525 Gaming Laptop","","147100.0","0.0","0","10"
"true","LAPTOP","Dell G15-5525 D560894WIN9S Gaming Laptop laptop","LAP-000508","https://res.cloudinary.com/dngvbsauf/image/upload/v1788367043/tech-store/laptops/template-04.png","false","Dell G15-5525 D560894WIN9S Gaming Laptop","","128200.0","0.0","0","10"
"true","LAPTOP","Dell G15-5525 D560898WIN9S Gaming Laptop laptop","LAP-000509","https://res.cloudinary.com/dngvbsauf/image/upload/v1788367045/tech-store/laptops/template-05.jpg","false","Dell G15-5525 D560898WIN9S Gaming Laptop","","159200.0","0.0","0","10"
"true","LAPTOP","Dell G15-5521 D560899WIN9S Gaming Laptop laptop","LAP-000510","https://res.cloudinary.com/dngvbsauf/image/upload/v1788367046/tech-store/laptops/template-06.jpg","false","Dell G15-5521 D560899WIN9S Gaming Laptop","","181799.0","0.0","0","10"
"true","LAPTOP","Dell Inspiron 7620 Laptop laptop","LAP-000511","https://res.cloudinary.com/dngvbsauf/image/upload/v1788367048/tech-store/laptops/template-07.jpg","false","Dell Inspiron 7620 Laptop","","126990.0","0.0","0","10"
"true","LAPTOP","Acer Aspire 5 A515-57 Gaming Laptop laptop","LAP-000512","https://res.cloudinary.com/dngvbsauf/image/upload/v1788367049/tech-store/laptops/template-08.png","false","Acer Aspire 5 A515-57 Gaming Laptop","","47990.0","0.0","0","10"
"true","LAPTOP","Acer Aspire 3 A315-58 NX.ADDSI.011 Laptop laptop","LAP-000513","https://res.cloudinary.com/dngvbsauf/image/upload/v1788367038/tech-store/laptops/template-01.png","false","Acer Aspire 3 A315-58 NX.ADDSI.011 Laptop","","37990.0","0.0","0","10"
"true","LAPTOP","Lenovo IdeaPad Slim 5 82SE005SIN Laptop laptop","LAP-000514","https://res.cloudinary.com/dngvbsauf/image/upload/v1788367040/tech-store/laptops/template-02.jpg","false","Lenovo IdeaPad Slim 5 82SE005SIN Laptop","","59990.0","0.0","0","10"
"true","LAPTOP","Asus TUF Gaming A15 FA506IHRZ-HN112W Laptop laptop","LAP-000515","https://res.cloudinary.com/dngvbsauf/image/upload/v1788367041/tech-store/laptops/template-03.png","false","Asus TUF Gaming A15 FA506IHRZ-HN112W Laptop","","65990.0","0.0","0","10"
"true","LAPTOP","Asus Vivobook 14 OLED X1405ZA-KM511WS Laptop laptop","LAP-000516","https://res.cloudinary.com/dngvbsauf/image/upload/v1788367043/tech-store/laptops/template-04.png","false","Asus Vivobook 14 OLED X1405ZA-KM511WS Laptop","","69990.0","0.0","0","10"
"true","LAPTOP","Lenovo ThinkPad X1 Carbon 21CB002JIG Laptop laptop","LAP-000517","https://res.cloudinary.com/dngvbsauf/image/upload/v1788367045/tech-store/laptops/template-05.jpg","false","Lenovo ThinkPad X1 Carbon 21CB002JIG Laptop","","211990.0","0.0","0","10"
"true","LAPTOP","Asus Vivobook 14 OLED X1405ZA-KM311WS Laptop laptop","LAP-000518","https://res.cloudinary.com/dngvbsauf/image/upload/v1788367046/tech-store/laptops/template-06.jpg","false","Asus Vivobook 14 OLED X1405ZA-KM311WS Laptop","","51990.0","0.0","0","10"
"true","LAPTOP","Dell Alienware M15 R6 Gaming Laptop laptop","LAP-000519","https://res.cloudinary.com/dngvbsauf/image/upload/v1788367048/tech-store/laptops/template-07.jpg","false","Dell Alienware M15 R6 Gaming Laptop","","200000.0","0.0","0","10"
"true","LAPTOP","Lenovo IdeaPad Gaming 3 82K101E1IN Laptop laptop","LAP-000520","https://res.cloudinary.com/dngvbsauf/image/upload/v1788367049/tech-store/laptops/template-08.png","false","Lenovo IdeaPad Gaming 3 82K101E1IN Laptop","","54950.0","0.0","0","10"
"true","LAPTOP","Asus Vivobook 15 OLED X1505ZA-L1311WS Laptop laptop","LAP-000521","https://res.cloudinary.com/dngvbsauf/image/upload/v1788367038/tech-store/laptops/template-01.png","false","Asus Vivobook 15 OLED X1505ZA-L1311WS Laptop","","50500.0","0.0","0","10"
"true","LAPTOP","Asus ROG Strix G17 2022 G713RS-LL023WS Gaming Laptop laptop","LAP-000522","https://res.cloudinary.com/dngvbsauf/image/upload/v1788367040/tech-store/laptops/template-02.jpg","false","Asus ROG Strix G17 2022 G713RS-LL023WS Gaming Laptop","","210990.0","0.0","0","10"
"true","LAPTOP","Lenovo V15 82C500XHIH Laptop laptop","LAP-000523","https://res.cloudinary.com/dngvbsauf/image/upload/v1788367041/tech-store/laptops/template-03.png","false","Lenovo V15 82C500XHIH Laptop","","47115.0","0.0","0","10"
"true","LAPTOP","Lenovo IdeaPad 3 15IAU7 82RK0090IN Laptop laptop","LAP-000524","https://res.cloudinary.com/dngvbsauf/image/upload/v1788367043/tech-store/laptops/template-04.png","false","Lenovo IdeaPad 3 15IAU7 82RK0090IN Laptop","","63590.0","0.0","0","10"
"true","LAPTOP","Lenovo Thinkpad L14 20X1CTO Laptop laptop","LAP-000525","https://res.cloudinary.com/dngvbsauf/image/upload/v1788367045/tech-store/laptops/template-05.jpg","false","Lenovo Thinkpad L14 20X1CTO Laptop","","79500.0","0.0","0","10"
"true","LAPTOP","AGB Octev VR-1818 Gaming Laptop laptop","LAP-000526","https://res.cloudinary.com/dngvbsauf/image/upload/v1788367046/tech-store/laptops/template-06.jpg","false","AGB Octev VR-1818 Gaming Laptop","","70000.0","0.0","0","10"
"true","LAPTOP","Infinix INBook X2 Plus XL25 Laptop laptop","LAP-000527","https://res.cloudinary.com/dngvbsauf/image/upload/v1788367048/tech-store/laptops/template-07.jpg","false","Infinix INBook X2 Plus XL25 Laptop","","38990.0","0.0","0","10"
"true","LAPTOP","Dell XPS 13 Plus Laptop laptop","LAP-000528","https://res.cloudinary.com/dngvbsauf/image/upload/v1788367049/tech-store/laptops/template-08.png","false","Dell XPS 13 Plus Laptop","","195190.0","0.0","0","10"
"true","LAPTOP","Lenovo IdeaPad Slim 3 82RJ005CIN Laptop laptop","LAP-000529","https://res.cloudinary.com/dngvbsauf/image/upload/v1788367038/tech-store/laptops/template-01.png","false","Lenovo IdeaPad Slim 3 82RJ005CIN Laptop","","59990.0","0.0","0","10"
"true","LAPTOP","Asus E410KA-BV002W Laptop laptop","LAP-000530","https://res.cloudinary.com/dngvbsauf/image/upload/v1788367040/tech-store/laptops/template-02.jpg","false","Asus E410KA-BV002W Laptop","","24485.0","0.0","0","10"
"true","LAPTOP","MSI Creator Pro Z17 A12UMST-237IN Gaming Laptop laptop","LAP-000531","https://res.cloudinary.com/dngvbsauf/image/upload/v1788367041/tech-store/laptops/template-03.png","false","MSI Creator Pro Z17 A12UMST-237IN Gaming Laptop","","444990.0","0.0","0","10"
"true","LAPTOP","Lenovo IdeaPad Flex 5 82R90068IN Laptop laptop","LAP-000532","https://res.cloudinary.com/dngvbsauf/image/upload/v1788367043/tech-store/laptops/template-04.png","false","Lenovo IdeaPad Flex 5 82R90068IN Laptop","","78990.0","0.0","0","10"
"true","LAPTOP","Dell XPS 9315 Laptop laptop","LAP-000533","https://res.cloudinary.com/dngvbsauf/image/upload/v1788367045/tech-store/laptops/template-05.jpg","false","Dell XPS 9315 Laptop","","133500.0","0.0","0","10"
"true","LAPTOP","Asus Vivobook S15 OLED S3502ZA-L701WS Laptop laptop","LAP-000534","https://res.cloudinary.com/dngvbsauf/image/upload/v1788367046/tech-store/laptops/template-06.jpg","false","Asus Vivobook S15 OLED S3502ZA-L701WS Laptop","","87500.0","0.0","0","10"
"true","LAPTOP","Acer Aspire 3 UN.HVTSI.012 Laptop laptop","LAP-000535","https://res.cloudinary.com/dngvbsauf/image/upload/v1788367048/tech-store/laptops/template-07.jpg","false","Acer Aspire 3 UN.HVTSI.012 Laptop","","29990.0","0.0","0","10"
"true","LAPTOP","MSI Creator Z16P B12UKST-209IN Gaming Laptop laptop","LAP-000536","https://res.cloudinary.com/dngvbsauf/image/upload/v1788367049/tech-store/laptops/template-08.png","false","MSI Creator Z16P B12UKST-209IN Gaming Laptop","","395000.0","0.0","0","10"
"true","LAPTOP","Lenovo Yoga 6 82UD0069IN Laptop laptop","LAP-000537","https://res.cloudinary.com/dngvbsauf/image/upload/v1788367038/tech-store/laptops/template-01.png","false","Lenovo Yoga 6 82UD0069IN Laptop","","78990.0","0.0","0","10"
"true","LAPTOP","HP 14s-fq0567AU Laptop laptop","LAP-000538","https://res.cloudinary.com/dngvbsauf/image/upload/v1788367040/tech-store/laptops/template-02.jpg","false","HP 14s-fq0567AU Laptop","","36990.0","0.0","0","10"
"true","LAPTOP","MSI Creator Pro M16 A12UJS-601IN Gaming Laptop laptop","LAP-000539","https://res.cloudinary.com/dngvbsauf/image/upload/v1788367041/tech-store/laptops/template-03.png","false","MSI Creator Pro M16 A12UJS-601IN Gaming Laptop","","196990.0","0.0","0","10"
"true","LAPTOP","HP Omen 17-ck1023TX Gaming Laptop laptop","LAP-000540","https://res.cloudinary.com/dngvbsauf/image/upload/v1788367043/tech-store/laptops/template-04.png","false","HP Omen 17-ck1023TX Gaming Laptop","","299999.0","0.0","0","10"
"true","LAPTOP","HP Omen 16-n0051AX Gaming Laptop laptop","LAP-000541","https://res.cloudinary.com/dngvbsauf/image/upload/v1788367045/tech-store/laptops/template-05.jpg","false","HP Omen 16-n0051AX Gaming Laptop","","154990.0","0.0","0","10"
"true","LAPTOP","Lenovo ThinkPad E14 21E3S04X00 Laptop laptop","LAP-000542","https://res.cloudinary.com/dngvbsauf/image/upload/v1788367046/tech-store/laptops/template-06.jpg","false","Lenovo ThinkPad E14 21E3S04X00 Laptop","","75000.0","0.0","0","10"
"true","LAPTOP","HP Omen 16-k0370TX Gaming Laptop laptop","LAP-000543","https://res.cloudinary.com/dngvbsauf/image/upload/v1788367048/tech-store/laptops/template-07.jpg","false","HP Omen 16-k0370TX Gaming Laptop","","180880.0","0.0","0","10"
"true","LAPTOP","Chuwi Gemibook Pro Laptop laptop","LAP-000544","https://res.cloudinary.com/dngvbsauf/image/upload/v1788367049/tech-store/laptops/template-08.png","false","Chuwi Gemibook Pro Laptop","","27489.0","0.0","0","10"
"true","LAPTOP","HP Omen 16-k0360TX Laptop laptop","LAP-000545","https://res.cloudinary.com/dngvbsauf/image/upload/v1788367038/tech-store/laptops/template-01.png","false","HP Omen 16-k0360TX Laptop","","144480.0","0.0","0","10"
"true","LAPTOP","Lenovo Thinkbook 15 21DJA04LIH Laptop laptop","LAP-000546","https://res.cloudinary.com/dngvbsauf/image/upload/v1788367040/tech-store/laptops/template-02.jpg","false","Lenovo Thinkbook 15 21DJA04LIH Laptop","","61990.0","0.0","0","10"
"true","LAPTOP","Lenovo IdeaPad Gaming 3 82S900HNIN Laptop laptop","LAP-000547","https://res.cloudinary.com/dngvbsauf/image/upload/v1788367041/tech-store/laptops/template-03.png","false","Lenovo IdeaPad Gaming 3 82S900HNIN Laptop","","80990.0","0.0","0","10"
"true","LAPTOP","HP Omen 16-n0054AX Gaming Laptop laptop","LAP-000548","https://res.cloudinary.com/dngvbsauf/image/upload/v1788367043/tech-store/laptops/template-04.png","false","HP Omen 16-n0054AX Gaming Laptop","","139680.0","0.0","0","10"
"true","LAPTOP","Lenovo Ideapad Flex 5 82R70068IN Laptop laptop","LAP-000549","https://res.cloudinary.com/dngvbsauf/image/upload/v1788367045/tech-store/laptops/template-05.jpg","false","Lenovo Ideapad Flex 5 82R70068IN Laptop","","75990.0","0.0","0","10"
"true","LAPTOP","HP Victus 15-fb0082AX Gaming Laptop laptop","LAP-000550","https://res.cloudinary.com/dngvbsauf/image/upload/v1788367046/tech-store/laptops/template-06.jpg","false","HP Victus 15-fb0082AX Gaming Laptop","","71990.0","0.0","0","10"
"true","LAPTOP","Dell XPS 9315 Laptop laptop","LAP-000551","https://res.cloudinary.com/dngvbsauf/image/upload/v1788367048/tech-store/laptops/template-07.jpg","false","Dell XPS 9315 Laptop","","132470.0","0.0","0","10"
"true","LAPTOP","HP Omen 16-n0049AX Gaming Laptop laptop","LAP-000552","https://res.cloudinary.com/dngvbsauf/image/upload/v1788367049/tech-store/laptops/template-08.png","false","HP Omen 16-n0049AX Gaming Laptop","","107690.0","0.0","0","10"
"true","LAPTOP","HP Omen 16-n0050AX Gaming Laptop laptop","LAP-000553","https://res.cloudinary.com/dngvbsauf/image/upload/v1788367038/tech-store/laptops/template-01.png","false","HP Omen 16-n0050AX Gaming Laptop","","99800.0","0.0","0","10"
"true","LAPTOP","Lenovo V14 Gen 2 ITL 82KAA001IH Laptop laptop","LAP-000554","https://res.cloudinary.com/dngvbsauf/image/upload/v1788367040/tech-store/laptops/template-02.jpg","false","Lenovo V14 Gen 2 ITL 82KAA001IH Laptop","","49999.0","0.0","0","10"
"true","LAPTOP","Lenovo V15 82C30057IH Laptop laptop","LAP-000555","https://res.cloudinary.com/dngvbsauf/image/upload/v1788367041/tech-store/laptops/template-03.png","false","Lenovo V15 82C30057IH Laptop","","29999.0","0.0","0","10"
"true","LAPTOP","Lenovo IdeaPad Gaming 3 82K201V2IN Laptop laptop","LAP-000556","https://res.cloudinary.com/dngvbsauf/image/upload/v1788367043/tech-store/laptops/template-04.png","false","Lenovo IdeaPad Gaming 3 82K201V2IN Laptop","","76990.0","0.0","0","10"
"true","LAPTOP","Lenovo ThinkPad E14 21E3S04W00 Laptop laptop","LAP-000557","https://res.cloudinary.com/dngvbsauf/image/upload/v1788367045/tech-store/laptops/template-05.jpg","false","Lenovo ThinkPad E14 21E3S04W00 Laptop","","74490.0","0.0","0","10"
"true","LAPTOP","Lenovo Thinkpad E14 Gen 21E3S05800 Laptop laptop","LAP-000558","https://res.cloudinary.com/dngvbsauf/image/upload/v1788367046/tech-store/laptops/template-06.jpg","false","Lenovo Thinkpad E14 Gen 21E3S05800 Laptop","","102490.0","0.0","0","10"
"true","LAPTOP","Lenovo Yoga 9 82LU008TIN Laptop laptop","LAP-000559","https://res.cloudinary.com/dngvbsauf/image/upload/v1788367048/tech-store/laptops/template-07.jpg","false","Lenovo Yoga 9 82LU008TIN Laptop","","179990.0","0.0","0","10"
"true","LAPTOP","Dell Vostro 3510 2022 Laptop laptop","LAP-000560","https://res.cloudinary.com/dngvbsauf/image/upload/v1788367049/tech-store/laptops/template-08.png","false","Dell Vostro 3510 2022 Laptop","","49850.0","0.0","0","10"
"true","LAPTOP","Acer One 14 Z2-493 Business Laptop laptop","LAP-000561","https://res.cloudinary.com/dngvbsauf/image/upload/v1788367038/tech-store/laptops/template-01.png","false","Acer One 14 Z2-493 Business Laptop","","39990.0","0.0","0","10"
"true","LAPTOP","Fujitsu UH-X 4ZR1K06212 Laptop laptop","LAP-000562","https://res.cloudinary.com/dngvbsauf/image/upload/v1788367040/tech-store/laptops/template-02.jpg","false","Fujitsu UH-X 4ZR1K06212 Laptop","","99990.0","0.0","0","10"
"true","LAPTOP","HP Envy x360 13-bf0062TU Laptop laptop","LAP-000563","https://res.cloudinary.com/dngvbsauf/image/upload/v1788367041/tech-store/laptops/template-03.png","false","HP Envy x360 13-bf0062TU Laptop","","104990.0","0.0","0","10"
"true","LAPTOP","Gigabyte G5 RC45MD Laptop laptop","LAP-000564","https://res.cloudinary.com/dngvbsauf/image/upload/v1788367043/tech-store/laptops/template-04.png","false","Gigabyte G5 RC45MD Laptop","","76600.0","0.0","0","10"
"true","LAPTOP","Gigabyte G5 RC45GD Laptop laptop","LAP-000565","https://res.cloudinary.com/dngvbsauf/image/upload/v1788367045/tech-store/laptops/template-05.jpg","false","Gigabyte G5 RC45GD Laptop","","73990.0","0.0","0","10"
"true","LAPTOP","Gigabyte G5 RC45KD Laptop laptop","LAP-000566","https://res.cloudinary.com/dngvbsauf/image/upload/v1788367046/tech-store/laptops/template-06.jpg","false","Gigabyte G5 RC45KD Laptop","","87800.0","0.0","0","10"
"true","LAPTOP","MSI Katana GF66 11UE-249IN Gaming Laptop laptop","LAP-000567","https://res.cloudinary.com/dngvbsauf/image/upload/v1788367048/tech-store/laptops/template-07.jpg","false","MSI Katana GF66 11UE-249IN Gaming Laptop","","115990.0","0.0","0","10"
"true","LAPTOP","Lenovo IdeaPad Gaming 3 15IAH7 82S900KQIN Laptop laptop","LAP-000568","https://res.cloudinary.com/dngvbsauf/image/upload/v1788367049/tech-store/laptops/template-08.png","false","Lenovo IdeaPad Gaming 3 15IAH7 82S900KQIN Laptop","","89990.0","0.0","0","10"
"true","LAPTOP","Lenovo IdeaPad Gaming 3 15IHU6 82K101EDIN Laptop laptop","LAP-000569","https://res.cloudinary.com/dngvbsauf/image/upload/v1788367038/tech-store/laptops/template-01.png","false","Lenovo IdeaPad Gaming 3 15IHU6 82K101EDIN Laptop","","69500.0","0.0","0","10"
"true","LAPTOP","Dell Latitude 3520 Laptop laptop","LAP-000570","https://res.cloudinary.com/dngvbsauf/image/upload/v1788367040/tech-store/laptops/template-02.jpg","false","Dell Latitude 3520 Laptop","","38700.0","0.0","0","10"
"true","LAPTOP","Honor MagicBook X15 BohrBR-WAH9F Laptop laptop","LAP-000571","https://res.cloudinary.com/dngvbsauf/image/upload/v1788367041/tech-store/laptops/template-03.png","false","Honor MagicBook X15 BohrBR-WAH9F Laptop","","67318.0","0.0","0","10"
"true","LAPTOP","Dell Vostro 3510 2022 Laptop laptop","LAP-000572","https://res.cloudinary.com/dngvbsauf/image/upload/v1788367043/tech-store/laptops/template-04.png","false","Dell Vostro 3510 2022 Laptop","","46300.0","0.0","0","10"
"true","LAPTOP","HP ProBook 450 G8 4Y7G3PA Laptop laptop","LAP-000573","https://res.cloudinary.com/dngvbsauf/image/upload/v1788367045/tech-store/laptops/template-05.jpg","false","HP ProBook 450 G8 4Y7G3PA Laptop","","48500.0","0.0","0","10"
"true","LAPTOP","Dell Vostro 3510 2022 Laptop laptop","LAP-000574","https://res.cloudinary.com/dngvbsauf/image/upload/v1788367046/tech-store/laptops/template-06.jpg","false","Dell Vostro 3510 2022 Laptop","","53100.0","0.0","0","10"
"true","LAPTOP","Lenovo ThinkBook 14 20VDA0QTIH Laptop laptop","LAP-000575","https://res.cloudinary.com/dngvbsauf/image/upload/v1788367048/tech-store/laptops/template-07.jpg","false","Lenovo ThinkBook 14 20VDA0QTIH Laptop","","60100.0","0.0","0","10"
"true","LAPTOP","Dell Vostro 3510 2022 Laptop laptop","LAP-000576","https://res.cloudinary.com/dngvbsauf/image/upload/v1788367049/tech-store/laptops/template-08.png","false","Dell Vostro 3510 2022 Laptop","","49800.0","0.0","0","10"
"true","LAPTOP","Dell Latitude 3420 Laptop laptop","LAP-000577","https://res.cloudinary.com/dngvbsauf/image/upload/v1788367038/tech-store/laptops/template-01.png","false","Dell Latitude 3420 Laptop","","69500.0","0.0","0","10"
"true","LAPTOP","Fujitsu UH-X 4ZR1J37875 Laptop laptop","LAP-000578","https://res.cloudinary.com/dngvbsauf/image/upload/v1788367040/tech-store/laptops/template-02.jpg","false","Fujitsu UH-X 4ZR1J37875 Laptop","","89990.0","0.0","0","10"
"true","LAPTOP","Dell Latitude 3420 2022 Laptop laptop","LAP-000579","https://res.cloudinary.com/dngvbsauf/image/upload/v1788367041/tech-store/laptops/template-03.png","false","Dell Latitude 3420 2022 Laptop","","102999.0","0.0","0","10"
"true","LAPTOP","Fujitsu UH-X 4ZR1J37876 Laptop laptop","LAP-000580","https://res.cloudinary.com/dngvbsauf/image/upload/v1788367043/tech-store/laptops/template-04.png","false","Fujitsu UH-X 4ZR1J37876 Laptop","","99990.0","0.0","0","10"
"true","LAPTOP","Acer TravelMate TMB311-31 Laptop laptop","LAP-000581","https://res.cloudinary.com/dngvbsauf/image/upload/v1788367045/tech-store/laptops/template-05.jpg","false","Acer TravelMate TMB311-31 Laptop","","24990.0","0.0","0","10"
"true","LAPTOP","Lenovo IdeaPad Flex 5 81X10087IN Laptop laptop","LAP-000582","https://res.cloudinary.com/dngvbsauf/image/upload/v1788367046/tech-store/laptops/template-06.jpg","false","Lenovo IdeaPad Flex 5 81X10087IN Laptop","","66000.0","0.0","0","10"
"true","LAPTOP","Lenovo ThinkPad E15 20TDS0TA00 Laptop laptop","LAP-000583","https://res.cloudinary.com/dngvbsauf/image/upload/v1788367048/tech-store/laptops/template-07.jpg","false","Lenovo ThinkPad E15 20TDS0TA00 Laptop","","71300.0","0.0","0","10"
"true","LAPTOP","HP 250 G8 6X4B3PA Laptop laptop","LAP-000584","https://res.cloudinary.com/dngvbsauf/image/upload/v1788367049/tech-store/laptops/template-08.png","false","HP 250 G8 6X4B3PA Laptop","","36499.0","0.0","0","10"
"true","LAPTOP","Dell Vostro 5320 Laptop laptop","LAP-000585","https://res.cloudinary.com/dngvbsauf/image/upload/v1788367038/tech-store/laptops/template-01.png","false","Dell Vostro 5320 Laptop","","78990.0","0.0","0","10"
"true","LAPTOP","HP Elitebook 840 G8 4S1H5PA Laptop laptop","LAP-000586","https://res.cloudinary.com/dngvbsauf/image/upload/v1788367040/tech-store/laptops/template-02.jpg","false","HP Elitebook 840 G8 4S1H5PA Laptop","","138800.0","0.0","0","10"
"true","LAPTOP","HP Pavilion x360 14-ek0072TU Laptop laptop","LAP-000587","https://res.cloudinary.com/dngvbsauf/image/upload/v1788367041/tech-store/laptops/template-03.png","false","HP Pavilion x360 14-ek0072TU Laptop","","71999.0","0.0","0","10"
"true","LAPTOP","Acer Predator Helios 300 PH315-55s Spatial Labs Edition Gaming Laptop laptop","LAP-000588","https://res.cloudinary.com/dngvbsauf/image/upload/v1788367043/tech-store/laptops/template-04.png","false","Acer Predator Helios 300 PH315-55s Spatial Labs Edition Gaming Laptop","","319999.0","0.0","0","10"
"true","LAPTOP","Dell XPS 13 Plus Laptop laptop","LAP-000589","https://res.cloudinary.com/dngvbsauf/image/upload/v1788367045/tech-store/laptops/template-05.jpg","false","Dell XPS 13 Plus Laptop","","171000.0","0.0","0","10"
"true","LAPTOP","Acer Nitro 5 AN515-46 Laptop laptop","LAP-000590","https://res.cloudinary.com/dngvbsauf/image/upload/v1788367046/tech-store/laptops/template-06.jpg","false","Acer Nitro 5 AN515-46 Laptop","","98990.0","0.0","0","10"
"true","LAPTOP","Acer Aspire 3 A315-23 Laptop laptop","LAP-000591","https://res.cloudinary.com/dngvbsauf/image/upload/v1788367048/tech-store/laptops/template-07.jpg","false","Acer Aspire 3 A315-23 Laptop","","51250.0","0.0","0","10"
"true","LAPTOP","Asus TUF F15 FA507RE-HN043WS 2022 Gaming Laptop laptop","LAP-000592","https://res.cloudinary.com/dngvbsauf/image/upload/v1788367049/tech-store/laptops/template-08.png","false","Asus TUF F15 FA507RE-HN043WS 2022 Gaming Laptop","","89990.0","0.0","0","10"
"true","LAPTOP","MSI GF63 Thin 10SC-848IN Gaming Laptop laptop","LAP-000593","https://res.cloudinary.com/dngvbsauf/image/upload/v1788367038/tech-store/laptops/template-01.png","false","MSI GF63 Thin 10SC-848IN Gaming Laptop","","60700.0","0.0","0","10"
"true","LAPTOP","Acer Aspire 5 A515-45-R1YC Laptop laptop","LAP-000594","https://res.cloudinary.com/dngvbsauf/image/upload/v1788367040/tech-store/laptops/template-02.jpg","false","Acer Aspire 5 A515-45-R1YC Laptop","","44990.0","0.0","0","10"
"true","LAPTOP","Acer Nitro 5 AN515-46 Gaming Laptop laptop","LAP-000595","https://res.cloudinary.com/dngvbsauf/image/upload/v1788367041/tech-store/laptops/template-03.png","false","Acer Nitro 5 AN515-46 Gaming Laptop","","129990.0","0.0","0","10"
"true","LAPTOP","Lenovo Legion 5 Pro 82RG009AIN Laptop laptop","LAP-000596","https://res.cloudinary.com/dngvbsauf/image/upload/v1788367043/tech-store/laptops/template-04.png","false","Lenovo Legion 5 Pro 82RG009AIN Laptop","","159990.0","0.0","0","10"
"true","LAPTOP","HP Omen 16-C0136AX Laptop laptop","LAP-000597","https://res.cloudinary.com/dngvbsauf/image/upload/v1788367045/tech-store/laptops/template-05.jpg","false","HP Omen 16-C0136AX Laptop","","75299.0","0.0","0","10"
"true","LAPTOP","HP Envy x360 13-bf0058TU Laptop laptop","LAP-000598","https://res.cloudinary.com/dngvbsauf/image/upload/v1788367046/tech-store/laptops/template-06.jpg","false","HP Envy x360 13-bf0058TU Laptop","","103000.0","0.0","0","10"
"true","LAPTOP","HP Omen 17-ck1022TX Gaming Laptop laptop","LAP-000599","https://res.cloudinary.com/dngvbsauf/image/upload/v1788367048/tech-store/laptops/template-07.jpg","false","HP Omen 17-ck1022TX Gaming Laptop","","199999.0","0.0","0","10"
"true","LAPTOP","Honor MagicBook 15 WDQ9CHNE Laptop laptop","LAP-000600","https://res.cloudinary.com/dngvbsauf/image/upload/v1788367049/tech-store/laptops/template-08.png","false","Honor MagicBook 15 WDQ9CHNE Laptop","","39990.0","0.0","0","10"
"true","LAPTOP","HP Envy x360 16-h0028TX Laptop laptop","LAP-000601","https://res.cloudinary.com/dngvbsauf/image/upload/v1788367038/tech-store/laptops/template-01.png","false","HP Envy x360 16-h0028TX Laptop","","143990.0","0.0","0","10"
"true","LAPTOP","HP Envy 16-h0026tx Laptop laptop","LAP-000602","https://res.cloudinary.com/dngvbsauf/image/upload/v1788367040/tech-store/laptops/template-02.jpg","false","HP Envy 16-h0026tx Laptop","","219900.0","0.0","0","10"
"true","LAPTOP","HP Envy 16-h0025tx Laptop laptop","LAP-000603","https://res.cloudinary.com/dngvbsauf/image/upload/v1788367041/tech-store/laptops/template-03.png","false","HP Envy 16-h0025tx Laptop","","192490.0","0.0","0","10"
"true","LAPTOP","Lenovo Legion 5 Pro 82RG00EKIN Laptop laptop","LAP-000604","https://res.cloudinary.com/dngvbsauf/image/upload/v1788367043/tech-store/laptops/template-04.png","false","Lenovo Legion 5 Pro 82RG00EKIN Laptop","","189990.0","0.0","0","10"
"true","LAPTOP","Lenovo Yoga Slim 7 Pro 82SV0053IN Laptop laptop","LAP-000605","https://res.cloudinary.com/dngvbsauf/image/upload/v1788367045/tech-store/laptops/template-05.jpg","false","Lenovo Yoga Slim 7 Pro 82SV0053IN Laptop","","109969.0","0.0","0","10"
"true","LAPTOP","Asus VivoBook 14 X415JA-BV322WS Laptop laptop","LAP-000606","https://res.cloudinary.com/dngvbsauf/image/upload/v1788367046/tech-store/laptops/template-06.jpg","false","Asus VivoBook 14 X415JA-BV322WS Laptop","","33990.0","0.0","0","10"
"true","LAPTOP","Lenovo Yoga 6 82UD0068IN 2-in-1 Laptop laptop","LAP-000607","https://res.cloudinary.com/dngvbsauf/image/upload/v1788367048/tech-store/laptops/template-07.jpg","false","Lenovo Yoga 6 82UD0068IN 2-in-1 Laptop","","80030.0","0.0","0","10"
"true","LAPTOP","HP Chromebook 14a-na1004TU Laptop laptop","LAP-000608","https://res.cloudinary.com/dngvbsauf/image/upload/v1788367049/tech-store/laptops/template-08.png","false","HP Chromebook 14a-na1004TU Laptop","","21990.0","0.0","0","10"
"true","LAPTOP","Lenovo V14 G2-ITL 82KAA025IH Laptop laptop","LAP-000609","https://res.cloudinary.com/dngvbsauf/image/upload/v1788367038/tech-store/laptops/template-01.png","false","Lenovo V14 G2-ITL 82KAA025IH Laptop","","51500.0","0.0","0","10"
"true","LAPTOP","HP Envy x360 13-bf0063TU Laptop laptop","LAP-000610","https://res.cloudinary.com/dngvbsauf/image/upload/v1788367040/tech-store/laptops/template-02.jpg","false","HP Envy x360 13-bf0063TU Laptop","","109990.0","0.0","0","10"
"true","LAPTOP","Gigabyte Aero 5 XE4 OLED Laptop laptop","LAP-000611","https://res.cloudinary.com/dngvbsauf/image/upload/v1788367041/tech-store/laptops/template-03.png","false","Gigabyte Aero 5 XE4 OLED Laptop","","185490.0","0.0","0","10"
"true","LAPTOP","Lenovo V14-IIL 82C4019YIH Laptop laptop","LAP-000612","https://res.cloudinary.com/dngvbsauf/image/upload/v1788367043/tech-store/laptops/template-04.png","false","Lenovo V14-IIL 82C4019YIH Laptop","","48000.0","0.0","0","10"
"true","LAPTOP","Asus VivoBook 14 2022 X1402ZA-EK521WS Laptop laptop","LAP-000613","https://res.cloudinary.com/dngvbsauf/image/upload/v1788367045/tech-store/laptops/template-05.jpg","false","Asus VivoBook 14 2022 X1402ZA-EK521WS Laptop","","53990.0","0.0","0","10"
"true","LAPTOP","Asus VivoBook 14 2022 X1402ZA-MW512WS Laptop laptop","LAP-000614","https://res.cloudinary.com/dngvbsauf/image/upload/v1788367046/tech-store/laptops/template-06.jpg","false","Asus VivoBook 14 2022 X1402ZA-MW512WS Laptop","","66990.0","0.0","0","10"
"true","LAPTOP","Asus VivoBook 14 2022 X1402ZA-MW311WS Laptop laptop","LAP-000615","https://res.cloudinary.com/dngvbsauf/image/upload/v1788367048/tech-store/laptops/template-07.jpg","false","Asus VivoBook 14 2022 X1402ZA-MW311WS Laptop","","45990.0","0.0","0","10"
"true","LAPTOP","Lenovo Thinkpad E14 Gen 2 20TBS4K300 Laptop laptop","LAP-000616","https://res.cloudinary.com/dngvbsauf/image/upload/v1788367049/tech-store/laptops/template-08.png","false","Lenovo Thinkpad E14 Gen 2 20TBS4K300 Laptop","","71449.0","0.0","0","10"
"true","LAPTOP","Lenovo E41-55 ‎82C700FNGE Laptop laptop","LAP-000617","https://res.cloudinary.com/dngvbsauf/image/upload/v1788367038/tech-store/laptops/template-01.png","false","Lenovo E41-55 ‎82C700FNGE Laptop","","21999.0","0.0","0","10"
"true","LAPTOP","Dell Latitude 3420 Laptop laptop","LAP-000618","https://res.cloudinary.com/dngvbsauf/image/upload/v1788367040/tech-store/laptops/template-02.jpg","false","Dell Latitude 3420 Laptop","","75800.0","0.0","0","10"
"true","LAPTOP","HP 250 G8 6G9R1PA Notebook laptop","LAP-000619","https://res.cloudinary.com/dngvbsauf/image/upload/v1788367041/tech-store/laptops/template-03.png","false","HP 250 G8 6G9R1PA Notebook","","35979.0","0.0","0","10"
"true","LAPTOP","Acer TravelMate TMP215-53 Laptop laptop","LAP-000620","https://res.cloudinary.com/dngvbsauf/image/upload/v1788367043/tech-store/laptops/template-04.png","false","Acer TravelMate TMP215-53 Laptop","","26990.0","0.0","0","10"
"true","LAPTOP","HP 430 G8 366B1PA Business Laptop laptop","LAP-000621","https://res.cloudinary.com/dngvbsauf/image/upload/v1788367045/tech-store/laptops/template-05.jpg","false","HP 430 G8 366B1PA Business Laptop","","111500.0","0.0","0","10"
"true","LAPTOP","MSI Creator M16 A11UC-669IN Laptop laptop","LAP-000622","https://res.cloudinary.com/dngvbsauf/image/upload/v1788367046/tech-store/laptops/template-06.jpg","false","MSI Creator M16 A11UC-669IN Laptop","","115990.0","0.0","0","10"
"true","LAPTOP","Lenovo ThinkPad X1 Yoga 20XYS00R00 Laptop laptop","LAP-000623","https://res.cloudinary.com/dngvbsauf/image/upload/v1788367048/tech-store/laptops/template-07.jpg","false","Lenovo ThinkPad X1 Yoga 20XYS00R00 Laptop","","248890.0","0.0","0","10"
"true","LAPTOP","Lenovo ThinkPad T14 2021 20W0S03F00 Laptop laptop","LAP-000624","https://res.cloudinary.com/dngvbsauf/image/upload/v1788367049/tech-store/laptops/template-08.png","false","Lenovo ThinkPad T14 2021 20W0S03F00 Laptop","","87000.0","0.0","0","10"
"true","LAPTOP","Huawei MateBook D14 Laptop laptop","LAP-000625","https://res.cloudinary.com/dngvbsauf/image/upload/v1788367038/tech-store/laptops/template-01.png","false","Huawei MateBook D14 Laptop","","71901.0","0.0","0","10"
"true","LAPTOP","Lenovo IdeaPad Slim 5 82FG01HAIN Laptop laptop","LAP-000626","https://res.cloudinary.com/dngvbsauf/image/upload/v1788367040/tech-store/laptops/template-02.jpg","false","Lenovo IdeaPad Slim 5 82FG01HAIN Laptop","","59990.0","0.0","0","10"
"true","LAPTOP","Asus VivoBook 14 2021 X415KA-BV121WS Laptop laptop","LAP-000627","https://res.cloudinary.com/dngvbsauf/image/upload/v1788367041/tech-store/laptops/template-03.png","false","Asus VivoBook 14 2021 X415KA-BV121WS Laptop","","28990.0","0.0","0","10"
"true","LAPTOP","Dell Inspiron 3511 Laptop laptop","LAP-000628","https://res.cloudinary.com/dngvbsauf/image/upload/v1788367043/tech-store/laptops/template-04.png","false","Dell Inspiron 3511 Laptop","","46499.0","0.0","0","10"
"true","LAPTOP","Lenovo V14 G2-ITL ﻿82KAA05VIH Laptop laptop","LAP-000629","https://res.cloudinary.com/dngvbsauf/image/upload/v1788367045/tech-store/laptops/template-05.jpg","false","Lenovo V14 G2-ITL ﻿82KAA05VIH Laptop","","39000.0","0.0","0","10"
"true","LAPTOP","Huawei MateBook 14 2021‎ WDH9A Laptop laptop","LAP-000630","https://res.cloudinary.com/dngvbsauf/image/upload/v1788367046/tech-store/laptops/template-06.jpg","false","Huawei MateBook 14 2021‎ WDH9A Laptop","","100931.0","0.0","0","10"
"true","LAPTOP","Asus ROG Zephyrus G14 GA402RJZ-L4136WS Gaming Laptop laptop","LAP-000631","https://res.cloudinary.com/dngvbsauf/image/upload/v1788367048/tech-store/laptops/template-07.jpg","false","Asus ROG Zephyrus G14 GA402RJZ-L4136WS Gaming Laptop","","155000.0","0.0","0","10"
"true","LAPTOP","HP Envy x360 13-bf0078TU Laptop laptop","LAP-000632","https://res.cloudinary.com/dngvbsauf/image/upload/v1788367049/tech-store/laptops/template-08.png","false","HP Envy x360 13-bf0078TU Laptop","","80990.0","0.0","0","10"
"true","LAPTOP","Asus ROG Flow X16 2022 GV601RM-M5053WS Gaming Laptop laptop","LAP-000633","https://res.cloudinary.com/dngvbsauf/image/upload/v1788367038/tech-store/laptops/template-01.png","false","Asus ROG Flow X16 2022 GV601RM-M5053WS Gaming Laptop","","187990.0","0.0","0","10"
"true","LAPTOP","Asus ROG Flow X16 2022 GV601RM-M5039WS Gaming Laptop laptop","LAP-000634","https://res.cloudinary.com/dngvbsauf/image/upload/v1788367040/tech-store/laptops/template-02.jpg","false","Asus ROG Flow X16 2022 GV601RM-M5039WS Gaming Laptop","","211990.0","0.0","0","10"
"true","LAPTOP","Lenovo V14 Gen 2 82KAA002IH Laptop laptop","LAP-000635","https://res.cloudinary.com/dngvbsauf/image/upload/v1788367041/tech-store/laptops/template-03.png","false","Lenovo V14 Gen 2 82KAA002IH Laptop","","47199.0","0.0","0","10"
"true","LAPTOP","Avita Pura E NS14A6 Laptop laptop","LAP-000636","https://res.cloudinary.com/dngvbsauf/image/upload/v1788367043/tech-store/laptops/template-04.png","false","Avita Pura E NS14A6 Laptop","","29990.0","0.0","0","10"
"true","LAPTOP","Lenovo ThinkBook 13s ITL Gen 2 20V9A036IH Laptop laptop","LAP-000637","https://res.cloudinary.com/dngvbsauf/image/upload/v1788367045/tech-store/laptops/template-05.jpg","false","Lenovo ThinkBook 13s ITL Gen 2 20V9A036IH Laptop","","85999.0","0.0","0","10"
"true","LAPTOP","Lenovo Thinkpad T15P Gen 2 ‎21A7001LUS Laptop laptop","LAP-000638","https://res.cloudinary.com/dngvbsauf/image/upload/v1788367046/tech-store/laptops/template-06.jpg","false","Lenovo Thinkpad T15P Gen 2 ‎21A7001LUS Laptop","","219000.0","0.0","0","10"
"true","LAPTOP","Lenovo Ideapad Flex 5 82R700ASIN Laptop laptop","LAP-000639","https://res.cloudinary.com/dngvbsauf/image/upload/v1788367048/tech-store/laptops/template-07.jpg","false","Lenovo Ideapad Flex 5 82R700ASIN Laptop","","59801.0","0.0","0","10"
"true","LAPTOP","Lenovo Ideapad Slim 3i 82H802EYIN Laptop laptop","LAP-000640","https://res.cloudinary.com/dngvbsauf/image/upload/v1788367049/tech-store/laptops/template-08.png","false","Lenovo Ideapad Slim 3i 82H802EYIN Laptop","","37000.0","0.0","0","10"
"true","LAPTOP","Lenovo IdeaPad Flex 5 82R7006HIN Laptop laptop","LAP-000641","https://res.cloudinary.com/dngvbsauf/image/upload/v1788367038/tech-store/laptops/template-01.png","false","Lenovo IdeaPad Flex 5 82R7006HIN Laptop","","74490.0","0.0","0","10"
"true","LAPTOP","Dell Vostro 3400 Laptop AMD laptop","LAP-000642","https://res.cloudinary.com/dngvbsauf/image/upload/v1788367040/tech-store/laptops/template-02.jpg","false","Dell Vostro 3400 Laptop AMD","","36990.0","0.0","0","10"
"true","LAPTOP","Lenovo Yoga Slim 7 Pro 82NC00FRIN Laptop laptop","LAP-000643","https://res.cloudinary.com/dngvbsauf/image/upload/v1788367041/tech-store/laptops/template-03.png","false","Lenovo Yoga Slim 7 Pro 82NC00FRIN Laptop","","74517.0","0.0","0","10"
"true","LAPTOP","MSI Katana GF66 12UC-636IN Gaming Laptop laptop","LAP-000644","https://res.cloudinary.com/dngvbsauf/image/upload/v1788367043/tech-store/laptops/template-04.png","false","MSI Katana GF66 12UC-636IN Gaming Laptop","","70990.0","0.0","0","10"
"true","LAPTOP","MSI Gaming Katana GF76 11UC-848IN Laptop laptop","LAP-000645","https://res.cloudinary.com/dngvbsauf/image/upload/v1788367045/tech-store/laptops/template-05.jpg","false","MSI Gaming Katana GF76 11UC-848IN Laptop","","76990.0","0.0","0","10"
"true","LAPTOP","MSI Gaming Katana GF76 11UD-849IN Laptop laptop","LAP-000646","https://res.cloudinary.com/dngvbsauf/image/upload/v1788367046/tech-store/laptops/template-06.jpg","false","MSI Gaming Katana GF76 11UD-849IN Laptop","","82990.0","0.0","0","10"
"true","LAPTOP","MSI Katana GF66 12UE-1001IN Gaming Laptop laptop","LAP-000647","https://res.cloudinary.com/dngvbsauf/image/upload/v1788367048/tech-store/laptops/template-07.jpg","false","MSI Katana GF66 12UE-1001IN Gaming Laptop","","85990.0","0.0","0","10"
"true","LAPTOP","MSI Gaming Katana GF66 12UE-1002IN Laptop laptop","LAP-000648","https://res.cloudinary.com/dngvbsauf/image/upload/v1788367049/tech-store/laptops/template-08.png","false","MSI Gaming Katana GF66 12UE-1002IN Laptop","","105990.0","0.0","0","10"
"true","LAPTOP","Acer Swift X SFX14-41G Laptop laptop","LAP-000649","https://res.cloudinary.com/dngvbsauf/image/upload/v1788367038/tech-store/laptops/template-01.png","false","Acer Swift X SFX14-41G Laptop","","76000.0","0.0","0","10"
"true","LAPTOP","Lenovo V14-IGL ‎82C2S02K00 Laptop laptop","LAP-000650","https://res.cloudinary.com/dngvbsauf/image/upload/v1788367040/tech-store/laptops/template-02.jpg","false","Lenovo V14-IGL ‎82C2S02K00 Laptop","","21999.0","0.0","0","10"
"true","LAPTOP","HP 255 G8 6V2R7PA Laptop laptop","LAP-000651","https://res.cloudinary.com/dngvbsauf/image/upload/v1788367041/tech-store/laptops/template-03.png","false","HP 255 G8 6V2R7PA Laptop","","24650.0","0.0","0","10"
"true","LAPTOP","Acer Swift X SFX14-41G Laptop laptop","LAP-000652","https://res.cloudinary.com/dngvbsauf/image/upload/v1788367043/tech-store/laptops/template-04.png","false","Acer Swift X SFX14-41G Laptop","","79521.0","0.0","0","10"
"true","LAPTOP","Asus TUF Gaming F15 FX566HCB-HN231T Gaming Laptop laptop","LAP-000653","https://res.cloudinary.com/dngvbsauf/image/upload/v1788367045/tech-store/laptops/template-05.jpg","false","Asus TUF Gaming F15 FX566HCB-HN231T Gaming Laptop","","101000.0","0.0","0","10"
"true","LAPTOP","Dell Vostro 3400 Laptop laptop","LAP-000654","https://res.cloudinary.com/dngvbsauf/image/upload/v1788367046/tech-store/laptops/template-06.jpg","false","Dell Vostro 3400 Laptop","","38499.0","0.0","0","10"
"true","LAPTOP","Asus ROG Flow X13 GV301RC-LJ073WS Gaming Laptop laptop","LAP-000655","https://res.cloudinary.com/dngvbsauf/image/upload/v1788367048/tech-store/laptops/template-07.jpg","false","Asus ROG Flow X13 GV301RC-LJ073WS Gaming Laptop","","151990.0","0.0","0","10"
"true","LAPTOP","AGB Octev GA-9009 Gaming Laptop laptop","LAP-000656","https://res.cloudinary.com/dngvbsauf/image/upload/v1788367049/tech-store/laptops/template-08.png","false","AGB Octev GA-9009 Gaming Laptop","","65000.0","0.0","0","10"
"true","LAPTOP","Lenovo Thinkbook 14 Gen 2 20VDA0G9IH Laptop laptop","LAP-000657","https://res.cloudinary.com/dngvbsauf/image/upload/v1788367038/tech-store/laptops/template-01.png","false","Lenovo Thinkbook 14 Gen 2 20VDA0G9IH Laptop","","83399.0","0.0","0","10"
"true","LAPTOP","Asus ROG Flow X13 GV301RE-LJ156WS Gaming Laptop laptop","LAP-000658","https://res.cloudinary.com/dngvbsauf/image/upload/v1788367040/tech-store/laptops/template-02.jpg","false","Asus ROG Flow X13 GV301RE-LJ156WS Gaming Laptop","","171990.0","0.0","0","10"
"true","LAPTOP","Gigabyte Aorus 5 SE4 Gaming Laptop laptop","LAP-000659","https://res.cloudinary.com/dngvbsauf/image/upload/v1788367041/tech-store/laptops/template-03.png","false","Gigabyte Aorus 5 SE4 Gaming Laptop","","144990.0","0.0","0","10"
"true","LAPTOP","HP Victus 15-fb0052AX Gaming Laptop laptop","LAP-000660","https://res.cloudinary.com/dngvbsauf/image/upload/v1788367043/tech-store/laptops/template-04.png","false","HP Victus 15-fb0052AX Gaming Laptop","","78650.0","0.0","0","10"
"true","LAPTOP","Lenovo Ideapad Flex 5 14IAU7 82R7006EIN Laptop laptop","LAP-000661","https://res.cloudinary.com/dngvbsauf/image/upload/v1788367045/tech-store/laptops/template-05.jpg","false","Lenovo Ideapad Flex 5 14IAU7 82R7006EIN Laptop","","60990.0","0.0","0","10"
"true","LAPTOP","Lenovo Thinkpad L13 Gen 2 20VHS07500 Laptop laptop","LAP-000662","https://res.cloudinary.com/dngvbsauf/image/upload/v1788367046/tech-store/laptops/template-06.jpg","false","Lenovo Thinkpad L13 Gen 2 20VHS07500 Laptop","","92999.0","0.0","0","10"
"true","LAPTOP","Lenovo 15ACH6 82JW00P5IN Laptop laptop","LAP-000663","https://res.cloudinary.com/dngvbsauf/image/upload/v1788367048/tech-store/laptops/template-07.jpg","false","Lenovo 15ACH6 82JW00P5IN Laptop","","69990.0","0.0","0","10"
"true","LAPTOP","Lenovo IdeaPad Slim 5 15ITL05 82SE0061IN Laptop laptop","LAP-000664","https://res.cloudinary.com/dngvbsauf/image/upload/v1788367049/tech-store/laptops/template-08.png","false","Lenovo IdeaPad Slim 5 15ITL05 82SE0061IN Laptop","","63990.0","0.0","0","10"
"true","LAPTOP","Acer Nitro 5 AN515-45 NH.QCLSI.004 Gaming Laptop laptop","LAP-000665","https://res.cloudinary.com/dngvbsauf/image/upload/v1788367038/tech-store/laptops/template-01.png","false","Acer Nitro 5 AN515-45 NH.QCLSI.004 Gaming Laptop","","67990.0","0.0","0","10"
"true","LAPTOP","Gigabyte Aero 5 KE4 OLED Laptop laptop","LAP-000666","https://res.cloudinary.com/dngvbsauf/image/upload/v1788367040/tech-store/laptops/template-02.jpg","false","Gigabyte Aero 5 KE4 OLED Laptop","","143990.0","0.0","0","10"
"true","LAPTOP","Lenovo V14 G2-ITL 82KA00G8IH Laptop laptop","LAP-000667","https://res.cloudinary.com/dngvbsauf/image/upload/v1788367041/tech-store/laptops/template-03.png","false","Lenovo V14 G2-ITL 82KA00G8IH Laptop","","29500.0","0.0","0","10"
"true","LAPTOP","Asus ROG Strix G17 2022 G713RW-KH110WS Gaming Laptop laptop","LAP-000668","https://res.cloudinary.com/dngvbsauf/image/upload/v1788367043/tech-store/laptops/template-04.png","false","Asus ROG Strix G17 2022 G713RW-KH110WS Gaming Laptop","","205780.0","0.0","0","10"
"true","LAPTOP","MSI Crosshair 15 B12UGZ-1012IN Gaming Laptop laptop","LAP-000669","https://res.cloudinary.com/dngvbsauf/image/upload/v1788367045/tech-store/laptops/template-05.jpg","false","MSI Crosshair 15 B12UGZ-1012IN Gaming Laptop","","134990.0","0.0","0","10"
"true","LAPTOP","MSI Crosshair 15 B12UEZ-897IN Gaming Laptop laptop","LAP-000670","https://res.cloudinary.com/dngvbsauf/image/upload/v1788367046/tech-store/laptops/template-06.jpg","false","MSI Crosshair 15 B12UEZ-897IN Gaming Laptop","","104990.0","0.0","0","10"
"true","LAPTOP","Lenovo V15 Gen 2 Laptop laptop","LAP-000671","https://res.cloudinary.com/dngvbsauf/image/upload/v1788367048/tech-store/laptops/template-07.jpg","false","Lenovo V15 Gen 2 Laptop","","40871.0","0.0","0","10"
"true","LAPTOP","Lenovo V15 82KDA01DIH Laptop laptop","LAP-000672","https://res.cloudinary.com/dngvbsauf/image/upload/v1788367049/tech-store/laptops/template-08.png","false","Lenovo V15 82KDA01DIH Laptop","","39999.0","0.0","0","10"
"true","LAPTOP","Acer Spin 3 SP314-55N Laptop laptop","LAP-000673","https://res.cloudinary.com/dngvbsauf/image/upload/v1788367038/tech-store/laptops/template-01.png","false","Acer Spin 3 SP314-55N Laptop","","84990.0","0.0","0","10"
"true","LAPTOP","Lenovo Legion 5 82JU00SYIN Laptop laptop","LAP-000674","https://res.cloudinary.com/dngvbsauf/image/upload/v1788367040/tech-store/laptops/template-02.jpg","false","Lenovo Legion 5 82JU00SYIN Laptop","","129994.0","0.0","0","10"
"true","LAPTOP","Lenovo ThinkPad T14 20W0S1C800 Laptop laptop","LAP-000675","https://res.cloudinary.com/dngvbsauf/image/upload/v1788367041/tech-store/laptops/template-03.png","false","Lenovo ThinkPad T14 20W0S1C800 Laptop","","142000.0","0.0","0","10"
"true","LAPTOP","MSI Raider GE77HX 12UHS-205IN Gaming Laptop laptop","LAP-000676","https://res.cloudinary.com/dngvbsauf/image/upload/v1788367043/tech-store/laptops/template-04.png","false","MSI Raider GE77HX 12UHS-205IN Gaming Laptop","","299990.0","0.0","0","10"
"true","LAPTOP","MSI Vector GP76 12UGSO-868IN Gaming Laptop laptop","LAP-000677","https://res.cloudinary.com/dngvbsauf/image/upload/v1788367045/tech-store/laptops/template-05.jpg","false","MSI Vector GP76 12UGSO-868IN Gaming Laptop","","170990.0","0.0","0","10"
"true","LAPTOP","MSI Creator M16 A12UD-633IN Laptop laptop","LAP-000678","https://res.cloudinary.com/dngvbsauf/image/upload/v1788367046/tech-store/laptops/template-06.jpg","false","MSI Creator M16 A12UD-633IN Laptop","","99990.0","0.0","0","10"
"true","LAPTOP","MSI Alpha 15 B5EEK-235IN Laptop laptop","LAP-000679","https://res.cloudinary.com/dngvbsauf/image/upload/v1788367048/tech-store/laptops/template-07.jpg","false","MSI Alpha 15 B5EEK-235IN Laptop","","79990.0","0.0","0","10"
"true","LAPTOP","MSI Creator Pro M16 A12UIS-634IN Gaming Laptop laptop","LAP-000680","https://res.cloudinary.com/dngvbsauf/image/upload/v1788367049/tech-store/laptops/template-08.png","false","MSI Creator Pro M16 A12UIS-634IN Gaming Laptop","","109990.0","0.0","0","10"
"true","LAPTOP","MSI Thin GF63 11SC-1046IN Gaming Laptop laptop","LAP-000681","https://res.cloudinary.com/dngvbsauf/image/upload/v1788367038/tech-store/laptops/template-01.png","false","MSI Thin GF63 11SC-1046IN Gaming Laptop","","54490.0","0.0","0","10"
"true","LAPTOP","Asus ROG Strix Scar 17 SE G733CX-LL012WS Gaming Laptop laptop","LAP-000682","https://res.cloudinary.com/dngvbsauf/image/upload/v1788367040/tech-store/laptops/template-02.jpg","false","Asus ROG Strix Scar 17 SE G733CX-LL012WS Gaming Laptop","","479990.0","0.0","0","10"
"true","LAPTOP","Asus VivoBook 14 X415JA-EK324WS Laptop laptop","LAP-000683","https://res.cloudinary.com/dngvbsauf/image/upload/v1788367041/tech-store/laptops/template-03.png","false","Asus VivoBook 14 X415JA-EK324WS Laptop","","32749.0","0.0","0","10"
"true","LAPTOP","Chuwi HeroBook Pro Laptop laptop","LAP-000684","https://res.cloudinary.com/dngvbsauf/image/upload/v1788367043/tech-store/laptops/template-04.png","false","Chuwi HeroBook Pro Laptop","","23990.0","0.0","0","10"
"true","LAPTOP","MSI Gaming Katana GF66 12UE-262IN Laptop laptop","LAP-000685","https://res.cloudinary.com/dngvbsauf/image/upload/v1788367045/tech-store/laptops/template-05.jpg","false","MSI Gaming Katana GF66 12UE-262IN Laptop","","144834.0","0.0","0","10"
"true","LAPTOP","Asus ROG Strix Scar 15 G533ZXZ-LN116WS Gaming Laptop laptop","LAP-000686","https://res.cloudinary.com/dngvbsauf/image/upload/v1788367046/tech-store/laptops/template-06.jpg","false","Asus ROG Strix Scar 15 G533ZXZ-LN116WS Gaming Laptop","","281990.0","0.0","0","10"
"true","LAPTOP","MSI Katana GF76 11UE-485IN Laptop laptop","LAP-000687","https://res.cloudinary.com/dngvbsauf/image/upload/v1788367048/tech-store/laptops/template-07.jpg","false","MSI Katana GF76 11UE-485IN Laptop","","92900.0","0.0","0","10"
"true","LAPTOP","MSI Delta 15 A5EFK-201IN Gaming Laptop laptop","LAP-000688","https://res.cloudinary.com/dngvbsauf/image/upload/v1788367049/tech-store/laptops/template-08.png","false","MSI Delta 15 A5EFK-201IN Gaming Laptop","","100990.0","0.0","0","10"
"true","LAPTOP","Asus VivoBook K15 OLED K513EA-L503WS Laptop laptop","LAP-000689","https://res.cloudinary.com/dngvbsauf/image/upload/v1788367038/tech-store/laptops/template-01.png","false","Asus VivoBook K15 OLED K513EA-L503WS Laptop","","67000.0","0.0","0","10"
"true","LAPTOP","Asus VivoBook Pro 15 OLED K6500ZC-L502WS Laptop laptop","LAP-000690","https://res.cloudinary.com/dngvbsauf/image/upload/v1788367040/tech-store/laptops/template-02.jpg","false","Asus VivoBook Pro 15 OLED K6500ZC-L502WS Laptop","","89990.0","0.0","0","10"
"true","LAPTOP","Lenovo IdeaPad Slim 5 82SF004XIN Laptop laptop","LAP-000691","https://res.cloudinary.com/dngvbsauf/image/upload/v1788367041/tech-store/laptops/template-03.png","false","Lenovo IdeaPad Slim 5 82SF004XIN Laptop","","82990.0","0.0","0","10"
"true","LAPTOP","Lenovo V15 G2 82KDA00UIH Laptop laptop","LAP-000692","https://res.cloudinary.com/dngvbsauf/image/upload/v1788367043/tech-store/laptops/template-04.png","false","Lenovo V15 G2 82KDA00UIH Laptop","","33250.0","0.0","0","10"
"true","LAPTOP","Lenovo IdeaPad 3 15ITL6 82H802KYIN Laptop laptop","LAP-000693","https://res.cloudinary.com/dngvbsauf/image/upload/v1788367045/tech-store/laptops/template-05.jpg","false","Lenovo IdeaPad 3 15ITL6 82H802KYIN Laptop","","53490.0","0.0","0","10"
"true","LAPTOP","Lenovo ThinkBook 14 20VDA0THIH Laptop laptop","LAP-000694","https://res.cloudinary.com/dngvbsauf/image/upload/v1788367046/tech-store/laptops/template-06.jpg","false","Lenovo ThinkBook 14 20VDA0THIH Laptop","","77500.0","0.0","0","10"
"true","LAPTOP","Asus Vivobook S14 Flip 2022 TN3402QA-LZ501WS Laptop laptop","LAP-000695","https://res.cloudinary.com/dngvbsauf/image/upload/v1788367048/tech-store/laptops/template-07.jpg","false","Asus Vivobook S14 Flip 2022 TN3402QA-LZ501WS Laptop","","68200.0","0.0","0","10"
"true","LAPTOP","Lenovo Legion 5 15ACH6 82JU018YIN Gaming Laptop laptop","LAP-000696","https://res.cloudinary.com/dngvbsauf/image/upload/v1788367049/tech-store/laptops/template-08.png","false","Lenovo Legion 5 15ACH6 82JU018YIN Gaming Laptop","","117900.0","0.0","0","10"
"true","LAPTOP","Asus EeeBook E410KA-BV101WS Laptop laptop","LAP-000697","https://res.cloudinary.com/dngvbsauf/image/upload/v1788367038/tech-store/laptops/template-01.png","false","Asus EeeBook E410KA-BV101WS Laptop","","28990.0","0.0","0","10"
"true","LAPTOP","Lenovo V14-IGL Laptop laptop","LAP-000698","https://res.cloudinary.com/dngvbsauf/image/upload/v1788367040/tech-store/laptops/template-02.jpg","false","Lenovo V14-IGL Laptop","","22999.0","0.0","0","10"
"true","LAPTOP","Acer Nitro 5 AN515-45 Gaming Laptop laptop","LAP-000699","https://res.cloudinary.com/dngvbsauf/image/upload/v1788367041/tech-store/laptops/template-03.png","false","Acer Nitro 5 AN515-45 Gaming Laptop","","59990.0","0.0","0","10"
"true","LAPTOP","HP 14s-dy2508TU Laptop laptop","LAP-000700","https://res.cloudinary.com/dngvbsauf/image/upload/v1788367043/tech-store/laptops/template-04.png","false","HP 14s-dy2508TU Laptop","","39990.0","0.0","0","10"
"true","LAPTOP","Asus VivoBook Ultra K14 K413EA-EB523WS Laptop laptop","LAP-000701","https://res.cloudinary.com/dngvbsauf/image/upload/v1788367045/tech-store/laptops/template-05.jpg","false","Asus VivoBook Ultra K14 K413EA-EB523WS Laptop","","60990.0","0.0","0","10"
"true","LAPTOP","Xiaomi Notebook Pro 120G Laptop laptop","LAP-000702","https://res.cloudinary.com/dngvbsauf/image/upload/v1788367046/tech-store/laptops/template-06.jpg","false","Xiaomi Notebook Pro 120G Laptop","","76490.0","0.0","0","10"
"true","LAPTOP","Asus VivoBook Pro 15 OLED K6500ZE-L501WS Laptop laptop","LAP-000703","https://res.cloudinary.com/dngvbsauf/image/upload/v1788367048/tech-store/laptops/template-07.jpg","false","Asus VivoBook Pro 15 OLED K6500ZE-L501WS Laptop","","92772.0","0.0","0","10"
"true","LAPTOP","Dell Inspiron 7420 D560828WIN9S Laptop laptop","LAP-000704","https://res.cloudinary.com/dngvbsauf/image/upload/v1788367049/tech-store/laptops/template-08.png","false","Dell Inspiron 7420 D560828WIN9S Laptop","","80490.0","0.0","0","10"
"true","LAPTOP","HP Spectre x360 13-ef0057TU Laptop laptop","LAP-000705","https://res.cloudinary.com/dngvbsauf/image/upload/v1788367038/tech-store/laptops/template-01.png","false","HP Spectre x360 13-ef0057TU Laptop","","108990.0","0.0","0","10"
"true","LAPTOP","Dell G15-5521 SE D560738WIN9B Laptop laptop","LAP-000706","https://res.cloudinary.com/dngvbsauf/image/upload/v1788367040/tech-store/laptops/template-02.jpg","false","Dell G15-5521 SE D560738WIN9B Laptop","","137490.0","0.0","0","10"
"true","LAPTOP","Gigabyte Aorus 15 XE5 Gaming Laptop laptop","LAP-000707","https://res.cloudinary.com/dngvbsauf/image/upload/v1788367041/tech-store/laptops/template-03.png","false","Gigabyte Aorus 15 XE5 Gaming Laptop","","184900.0","0.0","0","10"
"true","LAPTOP","HP Spectre x360 16-f1009TX Laptop laptop","LAP-000708","https://res.cloudinary.com/dngvbsauf/image/upload/v1788367043/tech-store/laptops/template-04.png","false","HP Spectre x360 16-f1009TX Laptop","","176990.0","0.0","0","10"
"true","LAPTOP","Asus ROG Strix G17 G713RM-KH168W Gaming Laptop laptop","LAP-000709","https://res.cloudinary.com/dngvbsauf/image/upload/v1788367045/tech-store/laptops/template-05.jpg","false","Asus ROG Strix G17 G713RM-KH168W Gaming Laptop","","129990.0","0.0","0","10"
"true","LAPTOP","HP Spectre x360 13-ef0052TU OLED Laptop laptop","LAP-000710","https://res.cloudinary.com/dngvbsauf/image/upload/v1788367046/tech-store/laptops/template-06.jpg","false","HP Spectre x360 13-ef0052TU OLED Laptop","","110480.0","0.0","0","10"
"true","LAPTOP","Gigabyte Aorus 15 XE4 Gaming Laptop laptop","LAP-000711","https://res.cloudinary.com/dngvbsauf/image/upload/v1788367048/tech-store/laptops/template-07.jpg","false","Gigabyte Aorus 15 XE4 Gaming Laptop","","179990.0","0.0","0","10"
"true","LAPTOP","Asus ROG Strix Scar 17 SE G733CX-LL013WS Gaming Laptop laptop","LAP-000712","https://res.cloudinary.com/dngvbsauf/image/upload/v1788367049/tech-store/laptops/template-08.png","false","Asus ROG Strix Scar 17 SE G733CX-LL013WS Gaming Laptop","","359990.0","0.0","0","10"
"true","LAPTOP","HP 255 G8 R3 Laptop laptop","LAP-000713","https://res.cloudinary.com/dngvbsauf/image/upload/v1788367038/tech-store/laptops/template-01.png","false","HP 255 G8 R3 Laptop","","36600.0","0.0","0","10"
"true","LAPTOP","HP Victus 15-fb0053AX Gaming Laptop laptop","LAP-000714","https://res.cloudinary.com/dngvbsauf/image/upload/v1788367040/tech-store/laptops/template-02.jpg","false","HP Victus 15-fb0053AX Gaming Laptop","","83099.0","0.0","0","10"
"true","LAPTOP","Acer Nitro AN515-57 Gaming Laptop laptop","LAP-000715","https://res.cloudinary.com/dngvbsauf/image/upload/v1788367041/tech-store/laptops/template-03.png","false","Acer Nitro AN515-57 Gaming Laptop","","82990.0","0.0","0","10"
"true","LAPTOP","Acer Nitro 5 AN515-58 Gaming Laptop laptop","LAP-000716","https://res.cloudinary.com/dngvbsauf/image/upload/v1788367043/tech-store/laptops/template-04.png","false","Acer Nitro 5 AN515-58 Gaming Laptop","","82990.0","0.0","0","10"
"true","LAPTOP","Acer Nitro AN515-57 UN.QEHSI.003 Gaming Laptop laptop","LAP-000717","https://res.cloudinary.com/dngvbsauf/image/upload/v1788367045/tech-store/laptops/template-05.jpg","false","Acer Nitro AN515-57 UN.QEHSI.003 Gaming Laptop","","62990.0","0.0","0","10"
"true","LAPTOP","Asus Vivobook 15 2022 X1502ZA-EZ511WS Laptop laptop","LAP-000718","https://res.cloudinary.com/dngvbsauf/image/upload/v1788367046/tech-store/laptops/template-06.jpg","false","Asus Vivobook 15 2022 X1502ZA-EZ511WS Laptop","","64980.0","0.0","0","10"
"true","LAPTOP","Asus ROG Zephyrus G15 2022 GA503RM-HQ030WS Gaming Laptop laptop","LAP-000719","https://res.cloudinary.com/dngvbsauf/image/upload/v1788367048/tech-store/laptops/template-07.jpg","false","Asus ROG Zephyrus G15 2022 GA503RM-HQ030WS Gaming Laptop","","161990.0","0.0","0","10"
"true","LAPTOP","Asus Zenbook Flip 14 OLED UP5401ZA-KN711WS Laptop laptop","LAP-000720","https://res.cloudinary.com/dngvbsauf/image/upload/v1788367049/tech-store/laptops/template-08.png","false","Asus Zenbook Flip 14 OLED UP5401ZA-KN711WS Laptop","","146490.0","0.0","0","10"
"true","LAPTOP","Asus ProArt StudioBook Pro 16 H7600ZM-L901WS Laptop laptop","LAP-000721","https://res.cloudinary.com/dngvbsauf/image/upload/v1788367038/tech-store/laptops/template-01.png","false","Asus ProArt StudioBook Pro 16 H7600ZM-L901WS Laptop","","217490.0","0.0","0","10"
"true","LAPTOP","Asus ROG Zephyrus G15 GA503RM-LN095WS Gaming Laptop laptop","LAP-000722","https://res.cloudinary.com/dngvbsauf/image/upload/v1788367040/tech-store/laptops/template-02.jpg","false","Asus ROG Zephyrus G15 GA503RM-LN095WS Gaming Laptop","","164990.0","0.0","0","10"
"true","LAPTOP","Asus ProArt StudioBook Pro 16 H7600ZW-L711WS Laptop laptop","LAP-000723","https://res.cloudinary.com/dngvbsauf/image/upload/v1788367041/tech-store/laptops/template-03.png","false","Asus ProArt StudioBook Pro 16 H7600ZW-L711WS Laptop","","238121.0","0.0","0","10"
"true","LAPTOP","MSI Stealth GS77 12UGS Gaming Laptop laptop","LAP-000724","https://res.cloudinary.com/dngvbsauf/image/upload/v1788367043/tech-store/laptops/template-04.png","false","MSI Stealth GS77 12UGS Gaming Laptop","","308990.0","0.0","0","10"
"true","LAPTOP","Asus ProArt StudioBook Pro 16 OLED H7600ZW-L911W Laptop laptop","LAP-000725","https://res.cloudinary.com/dngvbsauf/image/upload/v1788367045/tech-store/laptops/template-05.jpg","false","Asus ProArt StudioBook Pro 16 OLED H7600ZW-L911W Laptop","","249990.0","0.0","0","10"
"true","LAPTOP","Gigabyte Aorus 5 KE4 Gaming Laptop laptop","LAP-000726","https://res.cloudinary.com/dngvbsauf/image/upload/v1788367046/tech-store/laptops/template-06.jpg","false","Gigabyte Aorus 5 KE4 Gaming Laptop","","185000.0","0.0","0","10"
"true","LAPTOP","Dell Latitude 3420 Laptop laptop","LAP-000727","https://res.cloudinary.com/dngvbsauf/image/upload/v1788367048/tech-store/laptops/template-07.jpg","false","Dell Latitude 3420 Laptop","","34800.0","0.0","0","10"
"true","LAPTOP","Dell Latitude 3420 Laptop laptop","LAP-000728","https://res.cloudinary.com/dngvbsauf/image/upload/v1788367049/tech-store/laptops/template-08.png","false","Dell Latitude 3420 Laptop","","41500.0","0.0","0","10"
"true","LAPTOP","HP 250 G8 64Q91PA Laptop laptop","LAP-000729","https://res.cloudinary.com/dngvbsauf/image/upload/v1788367038/tech-store/laptops/template-01.png","false","HP 250 G8 64Q91PA Laptop","","64000.0","0.0","0","10"
"true","LAPTOP","Dell Latitude 3420 Laptop laptop","LAP-000730","https://res.cloudinary.com/dngvbsauf/image/upload/v1788367040/tech-store/laptops/template-02.jpg","false","Dell Latitude 3420 Laptop","","42000.0","0.0","0","10"
"true","LAPTOP","Lenovo IdeaPad Gaming 3 15ACH6 82K201Y8IN Laptop laptop","LAP-000731","https://res.cloudinary.com/dngvbsauf/image/upload/v1788367041/tech-store/laptops/template-03.png","false","Lenovo IdeaPad Gaming 3 15ACH6 82K201Y8IN Laptop","","73590.0","0.0","0","10"
"true","LAPTOP","Acer Aspire 3 A314-35 UN.K0SSI.033 Laptop laptop","LAP-000732","https://res.cloudinary.com/dngvbsauf/image/upload/v1788367043/tech-store/laptops/template-04.png","false","Acer Aspire 3 A314-35 UN.K0SSI.033 Laptop","","24990.0","0.0","0","10"
"true","LAPTOP","Asus VivoBook 15 X515JA-EJ552WS Laptop laptop","LAP-000733","https://res.cloudinary.com/dngvbsauf/image/upload/v1788367045/tech-store/laptops/template-05.jpg","false","Asus VivoBook 15 X515JA-EJ552WS Laptop","","50000.0","0.0","0","10"
"true","LAPTOP","MSI Vector GP66 12UGSO-623IN Gaming Laptop laptop","LAP-000734","https://res.cloudinary.com/dngvbsauf/image/upload/v1788367046/tech-store/laptops/template-06.jpg","false","MSI Vector GP66 12UGSO-623IN Gaming Laptop","","212990.0","0.0","0","10"
"true","LAPTOP","Acer Aspire 3 A314-35 UN.K0SSI.030 Laptop laptop","LAP-000735","https://res.cloudinary.com/dngvbsauf/image/upload/v1788367048/tech-store/laptops/template-07.jpg","false","Acer Aspire 3 A314-35 UN.K0SSI.030 Laptop","","22990.0","0.0","0","10"
"true","LAPTOP","MSI Vector GP66 GP76-12UGSO Gaming Laptop laptop","LAP-000736","https://res.cloudinary.com/dngvbsauf/image/upload/v1788367049/tech-store/laptops/template-08.png","false","MSI Vector GP66 GP76-12UGSO Gaming Laptop","","205000.0","0.0","0","10"
"true","LAPTOP","Asus ZenBook Pro Duo 14 OLED UX8402ZA-LM711WS Laptop laptop","LAP-000737","https://res.cloudinary.com/dngvbsauf/image/upload/v1788367038/tech-store/laptops/template-01.png","false","Asus ZenBook Pro Duo 14 OLED UX8402ZA-LM711WS Laptop","","149990.0","0.0","0","10"
"true","LAPTOP","Asus ZenBook Pro Duo 14 OLED UX8402ZE-LM921WS Laptop laptop","LAP-000738","https://res.cloudinary.com/dngvbsauf/image/upload/v1788367040/tech-store/laptops/template-02.jpg","false","Asus ZenBook Pro Duo 14 OLED UX8402ZE-LM921WS Laptop","","179990.0","0.0","0","10"
"true","LAPTOP","Asus ZenBook Pro Duo 14 OLED 2022 UX8402ZA-M501WS Laptop laptop","LAP-000739","https://res.cloudinary.com/dngvbsauf/image/upload/v1788367041/tech-store/laptops/template-03.png","false","Asus ZenBook Pro Duo 14 OLED 2022 UX8402ZA-M501WS Laptop","","118299.0","0.0","0","10"
"true","LAPTOP","Dell Inspiron 3525 D560831WIN9SE Laptop laptop","LAP-000740","https://res.cloudinary.com/dngvbsauf/image/upload/v1788367043/tech-store/laptops/template-04.png","false","Dell Inspiron 3525 D560831WIN9SE Laptop","","36680.0","0.0","0","10"
"true","LAPTOP","Asus TUF Gaming A15 2022 FA577RM-HF031WS Gaming Laptop laptop","LAP-000741","https://res.cloudinary.com/dngvbsauf/image/upload/v1788367045/tech-store/laptops/template-05.jpg","false","Asus TUF Gaming A15 2022 FA577RM-HF031WS Gaming Laptop","","115990.0","0.0","0","10"
"true","LAPTOP","Dell Alienware x15 R2 D569941WIN9 Gaming Laptop laptop","LAP-000742","https://res.cloudinary.com/dngvbsauf/image/upload/v1788367046/tech-store/laptops/template-06.jpg","false","Dell Alienware x15 R2 D569941WIN9 Gaming Laptop","","280490.0","0.0","0","10"
"true","LAPTOP","HP Victus 15-fa0353TX Laptop laptop","LAP-000743","https://res.cloudinary.com/dngvbsauf/image/upload/v1788367048/tech-store/laptops/template-07.jpg","false","HP Victus 15-fa0353TX Laptop","","90990.0","0.0","0","10"
"true","LAPTOP","HP Spectre x360 13-ef0054TU Laptop laptop","LAP-000744","https://res.cloudinary.com/dngvbsauf/image/upload/v1788367049/tech-store/laptops/template-08.png","false","HP Spectre x360 13-ef0054TU Laptop","","150480.0","0.0","0","10"
"true","LAPTOP","Lenovo IdeaPad Gaming 3 15IAH7 82S900RAIN Laptop laptop","LAP-000745","https://res.cloudinary.com/dngvbsauf/image/upload/v1788367038/tech-store/laptops/template-01.png","false","Lenovo IdeaPad Gaming 3 15IAH7 82S900RAIN Laptop","","89990.0","0.0","0","10"
"true","LAPTOP","Lenovo IdeaPad Gaming 3 82K201YCIN Laptop laptop","LAP-000746","https://res.cloudinary.com/dngvbsauf/image/upload/v1788367040/tech-store/laptops/template-02.jpg","false","Lenovo IdeaPad Gaming 3 82K201YCIN Laptop","","66489.0","0.0","0","10"
"true","LAPTOP","Asus VivoBook 14 X415EA-EK322WS Notebook laptop","LAP-000747","https://res.cloudinary.com/dngvbsauf/image/upload/v1788367041/tech-store/laptops/template-03.png","false","Asus VivoBook 14 X415EA-EK322WS Notebook","","38490.0","0.0","0","10"
"true","LAPTOP","Acer Aspire 3 A315-23 UN.HVTSI.015 Laptop laptop","LAP-000748","https://res.cloudinary.com/dngvbsauf/image/upload/v1788367043/tech-store/laptops/template-04.png","false","Acer Aspire 3 A315-23 UN.HVTSI.015 Laptop","","38994.0","0.0","0","10"
"true","LAPTOP","Acer Aspire 3 A315-23 UN.HVTSI.010 Laptop laptop","LAP-000749","https://res.cloudinary.com/dngvbsauf/image/upload/v1788367045/tech-store/laptops/template-05.jpg","false","Acer Aspire 3 A315-23 UN.HVTSI.010 Laptop","","34490.0","0.0","0","10"
"true","LAPTOP","Asus ROG Strix G15 2022 G513RW-HQ149WS Gaming Laptop laptop","LAP-000750","https://res.cloudinary.com/dngvbsauf/image/upload/v1788367046/tech-store/laptops/template-06.jpg","false","Asus ROG Strix G15 2022 G513RW-HQ149WS Gaming Laptop","","174990.0","0.0","0","10"
"true","LAPTOP","Asus ROG Strix G15 2022 G513RS-HQ024WS Gaming Laptop laptop","LAP-000751","https://res.cloudinary.com/dngvbsauf/image/upload/v1788367048/tech-store/laptops/template-07.jpg","false","Asus ROG Strix G15 2022 G513RS-HQ024WS Gaming Laptop","","186000.0","0.0","0","10"
"true","LAPTOP","Dell Inspiron 5410 ICC-C782512WIN8 Laptop laptop","LAP-000752","https://res.cloudinary.com/dngvbsauf/image/upload/v1788367049/tech-store/laptops/template-08.png","false","Dell Inspiron 5410 ICC-C782512WIN8 Laptop","","65600.0","0.0","0","10"
"true","LAPTOP","Lenovo IdeaPad Slim 3 82RK00EDIN Laptop laptop","LAP-000753","https://res.cloudinary.com/dngvbsauf/image/upload/v1788367038/tech-store/laptops/template-01.png","false","Lenovo IdeaPad Slim 3 82RK00EDIN Laptop","","62390.0","0.0","0","10"
"true","LAPTOP","Acer Aspire 3 A315-58 Laptop laptop","LAP-000754","https://res.cloudinary.com/dngvbsauf/image/upload/v1788367040/tech-store/laptops/template-02.jpg","false","Acer Aspire 3 A315-58 Laptop","","53990.0","0.0","0","10"
"true","LAPTOP","Acer Nitro 5 AN515-58 Laptop laptop","LAP-000755","https://res.cloudinary.com/dngvbsauf/image/upload/v1788367041/tech-store/laptops/template-03.png","false","Acer Nitro 5 AN515-58 Laptop","","124990.0","0.0","0","10"
"true","LAPTOP","LG Gram 14 14Z90Q-G.AJ56A2 Laptop laptop","LAP-000756","https://res.cloudinary.com/dngvbsauf/image/upload/v1788367043/tech-store/laptops/template-04.png","false","LG Gram 14 14Z90Q-G.AJ56A2 Laptop","","91490.0","0.0","0","10"
"true","LAPTOP","Dell Alienware X17 R2 D569943WIN9 Gaming Laptop laptop","LAP-000757","https://res.cloudinary.com/dngvbsauf/image/upload/v1788367045/tech-store/laptops/template-05.jpg","false","Dell Alienware X17 R2 D569943WIN9 Gaming Laptop","","300490.0","0.0","0","10"
"true","LAPTOP","Asus TUF Gaming A17 FA706IHR-HX031W Gaming Laptop laptop","LAP-000758","https://res.cloudinary.com/dngvbsauf/image/upload/v1788367046/tech-store/laptops/template-06.jpg","false","Asus TUF Gaming A17 FA706IHR-HX031W Gaming Laptop","","70000.0","0.0","0","10"
"true","LAPTOP","Asus ROG Strix G15 2022 G513RW-HQ137WS Gaming Laptop laptop","LAP-000759","https://res.cloudinary.com/dngvbsauf/image/upload/v1788367048/tech-store/laptops/template-07.jpg","false","Asus ROG Strix G15 2022 G513RW-HQ137WS Gaming Laptop","","174990.0","0.0","0","10"
"true","LAPTOP","Lenovo Thinkbook 14 Gen 2 20VD011CIH Laptop laptop","LAP-000760","https://res.cloudinary.com/dngvbsauf/image/upload/v1788367049/tech-store/laptops/template-08.png","false","Lenovo Thinkbook 14 Gen 2 20VD011CIH Laptop","","70900.0","0.0","0","10"
"true","LAPTOP","Asus ROG Strix G15 G513RM-HF328WS Gaming Laptop laptop","LAP-000761","https://res.cloudinary.com/dngvbsauf/image/upload/v1788367038/tech-store/laptops/template-01.png","false","Asus ROG Strix G15 G513RM-HF328WS Gaming Laptop","","137990.0","0.0","0","10"
"true","LAPTOP","HP Victus 15-fa0351TX Laptop laptop","LAP-000762","https://res.cloudinary.com/dngvbsauf/image/upload/v1788367040/tech-store/laptops/template-02.jpg","false","HP Victus 15-fa0351TX Laptop","","88570.0","0.0","0","10"
"true","LAPTOP","HP 15s-eq1561AU Laptop laptop","LAP-000763","https://res.cloudinary.com/dngvbsauf/image/upload/v1788367041/tech-store/laptops/template-03.png","false","HP 15s-eq1561AU Laptop","","29997.0","0.0","0","10"
"true","LAPTOP","Asus ROG Zephyrus M16 GU603ZM-K8034WS Laptop laptop","LAP-000764","https://res.cloudinary.com/dngvbsauf/image/upload/v1788367043/tech-store/laptops/template-04.png","false","Asus ROG Zephyrus M16 GU603ZM-K8034WS Laptop","","174990.0","0.0","0","10"
"true","LAPTOP","Asus TUF Gaming F15 FX506HC-HN119W Gaming Laptop laptop","LAP-000765","https://res.cloudinary.com/dngvbsauf/image/upload/v1788367045/tech-store/laptops/template-05.jpg","false","Asus TUF Gaming F15 FX506HC-HN119W Gaming Laptop","","85990.0","0.0","0","10"
"true","LAPTOP","Asus ROG Strix G15 G513QR-HF302WS Gaming Laptop laptop","LAP-000766","https://res.cloudinary.com/dngvbsauf/image/upload/v1788367046/tech-store/laptops/template-06.jpg","false","Asus ROG Strix G15 G513QR-HF302WS Gaming Laptop","","146990.0","0.0","0","10"
"true","LAPTOP","HP Pavilion x360 14-dy0212TU Laptop laptop","LAP-000767","https://res.cloudinary.com/dngvbsauf/image/upload/v1788367048/tech-store/laptops/template-07.jpg","false","HP Pavilion x360 14-dy0212TU Laptop","","46999.0","0.0","0","10"
"true","LAPTOP","Lenovo IdeaPad Slim 3 81X800LAIN Laptop laptop","LAP-000768","https://res.cloudinary.com/dngvbsauf/image/upload/v1788367049/tech-store/laptops/template-08.png","false","Lenovo IdeaPad Slim 3 81X800LAIN Laptop","","39650.0","0.0","0","10"
"true","LAPTOP","Lenovo Thinkpad P15s 20W7S1H800 Laptop laptop","LAP-000769","https://res.cloudinary.com/dngvbsauf/image/upload/v1788367038/tech-store/laptops/template-01.png","false","Lenovo Thinkpad P15s 20W7S1H800 Laptop","","168500.0","0.0","0","10"
"true","LAPTOP","HP 14s-dq3037tu Laptop laptop","LAP-000770","https://res.cloudinary.com/dngvbsauf/image/upload/v1788367040/tech-store/laptops/template-02.jpg","false","HP 14s-dq3037tu Laptop","","25521.0","0.0","0","10"
"true","LAPTOP","HP Pavilion x360 14-ek0088TU Laptop laptop","LAP-000771","https://res.cloudinary.com/dngvbsauf/image/upload/v1788367041/tech-store/laptops/template-03.png","false","HP Pavilion x360 14-ek0088TU Laptop","","89990.0","0.0","0","10"
"true","LAPTOP","Asus Vivobook S14 Flip 2022 TN3402QA-LZ511WS Laptop laptop","LAP-000772","https://res.cloudinary.com/dngvbsauf/image/upload/v1788367043/tech-store/laptops/template-04.png","false","Asus Vivobook S14 Flip 2022 TN3402QA-LZ511WS Laptop","","72990.0","0.0","0","10"
"true","LAPTOP","Acer Aspire 7 A715-42G UN.QAYSI.006 Gaming Laptop laptop","LAP-000773","https://res.cloudinary.com/dngvbsauf/image/upload/v1788367045/tech-store/laptops/template-05.jpg","false","Acer Aspire 7 A715-42G UN.QAYSI.006 Gaming Laptop","","56990.0","0.0","0","10"
"true","LAPTOP","Acer Aspire 3 A314-22 NX.HVVSI.007 Laptop laptop","LAP-000774","https://res.cloudinary.com/dngvbsauf/image/upload/v1788367046/tech-store/laptops/template-06.jpg","false","Acer Aspire 3 A314-22 NX.HVVSI.007 Laptop","","22449.0","0.0","0","10"
"true","LAPTOP","Dell Inspiron 3525 Laptop laptop","LAP-000775","https://res.cloudinary.com/dngvbsauf/image/upload/v1788367048/tech-store/laptops/template-07.jpg","false","Dell Inspiron 3525 Laptop","","47990.0","0.0","0","10"
"true","LAPTOP","Lenovo ThinkPad T14  20W0S1HW00 Laptop laptop","LAP-000776","https://res.cloudinary.com/dngvbsauf/image/upload/v1788367049/tech-store/laptops/template-08.png","false","Lenovo ThinkPad T14  20W0S1HW00 Laptop","","153970.0","0.0","0","10"
"true","LAPTOP","Lenovo Ideapad Gaming 3 82K201UMIN Laptop laptop","LAP-000777","https://res.cloudinary.com/dngvbsauf/image/upload/v1788367038/tech-store/laptops/template-01.png","false","Lenovo Ideapad Gaming 3 82K201UMIN Laptop","","79990.0","0.0","0","10"
"true","LAPTOP","Dell Vostro 5625 laptop laptop","LAP-000778","https://res.cloudinary.com/dngvbsauf/image/upload/v1788367040/tech-store/laptops/template-02.jpg","false","Dell Vostro 5625 laptop","","70990.0","0.0","0","10"
"true","LAPTOP","Asus Vivobook Pro 15 M3500QC-L901WS Gaming Laptop laptop","LAP-000779","https://res.cloudinary.com/dngvbsauf/image/upload/v1788367041/tech-store/laptops/template-03.png","false","Asus Vivobook Pro 15 M3500QC-L901WS Gaming Laptop","","90990.0","0.0","0","10"
"true","LAPTOP","Lenovo IdeaPad 3 82RK0064IN Laptop laptop","LAP-000780","https://res.cloudinary.com/dngvbsauf/image/upload/v1788367043/tech-store/laptops/template-04.png","false","Lenovo IdeaPad 3 82RK0064IN Laptop","","58099.0","0.0","0","10"
"true","LAPTOP","Lenovo IdeaPad Gaming 3 82K101A4IN Laptop laptop","LAP-000781","https://res.cloudinary.com/dngvbsauf/image/upload/v1788367045/tech-store/laptops/template-05.jpg","false","Lenovo IdeaPad Gaming 3 82K101A4IN Laptop","","63990.0","0.0","0","10"
"true","LAPTOP","Fujitsu UH-X FPC01319LK Laptop laptop","LAP-000782","https://res.cloudinary.com/dngvbsauf/image/upload/v1788367046/tech-store/laptops/template-06.jpg","false","Fujitsu UH-X FPC01319LK Laptop","","82994.0","0.0","0","10"
"true","LAPTOP","Fujitsu UH-X FPC02568LK Laptop laptop","LAP-000783","https://res.cloudinary.com/dngvbsauf/image/upload/v1788367048/tech-store/laptops/template-07.jpg","false","Fujitsu UH-X FPC02568LK Laptop","","73494.0","0.0","0","10"
"true","LAPTOP","Fujitsu CH FPC02548LK Laptop laptop","LAP-000784","https://res.cloudinary.com/dngvbsauf/image/upload/v1788367049/tech-store/laptops/template-08.png","false","Fujitsu CH FPC02548LK Laptop","","54490.0","0.0","0","10"
"true","LAPTOP","Fujitsu UH-X FPC02569LK Laptop laptop","LAP-000785","https://res.cloudinary.com/dngvbsauf/image/upload/v1788367038/tech-store/laptops/template-01.png","false","Fujitsu UH-X FPC02569LK Laptop","","82994.0","0.0","0","10"
"true","LAPTOP","Dell Alienware M15 ICC-C780002WIN8 Laptop laptop","LAP-000786","https://res.cloudinary.com/dngvbsauf/image/upload/v1788367040/tech-store/laptops/template-02.jpg","false","Dell Alienware M15 ICC-C780002WIN8 Laptop","","131699.0","0.0","0","10"
"true","LAPTOP","Lenovo IdeaPad Gaming 3 82K1019AIN Laptop laptop","LAP-000787","https://res.cloudinary.com/dngvbsauf/image/upload/v1788367041/tech-store/laptops/template-03.png","false","Lenovo IdeaPad Gaming 3 82K1019AIN Laptop","","64990.0","0.0","0","10"
"true","LAPTOP","HP Spectre X360 16-f1003TU Laptop laptop","LAP-000788","https://res.cloudinary.com/dngvbsauf/image/upload/v1788367043/tech-store/laptops/template-04.png","false","HP Spectre X360 16-f1003TU Laptop","","138999.0","0.0","0","10"
"true","LAPTOP","HP Pavilion 14-eh0021TU Laptop laptop","LAP-000789","https://res.cloudinary.com/dngvbsauf/image/upload/v1788367045/tech-store/laptops/template-05.jpg","false","HP Pavilion 14-eh0021TU Laptop","","74990.0","0.0","0","10"
"true","LAPTOP","HP Victus 15-fa0073TX Laptop laptop","LAP-000790","https://res.cloudinary.com/dngvbsauf/image/upload/v1788367046/tech-store/laptops/template-06.jpg","false","HP Victus 15-fa0073TX Laptop","","85990.0","0.0","0","10"
"true","LAPTOP","HP Pavilion 14-eh0025TU Laptop laptop","LAP-000791","https://res.cloudinary.com/dngvbsauf/image/upload/v1788367048/tech-store/laptops/template-07.jpg","false","HP Pavilion 14-eh0025TU Laptop","","73500.0","0.0","0","10"
"true","LAPTOP","Lenovo Yoga 7 Flip 82QE009SIN Laptop laptop","LAP-000792","https://res.cloudinary.com/dngvbsauf/image/upload/v1788367049/tech-store/laptops/template-08.png","false","Lenovo Yoga 7 Flip 82QE009SIN Laptop","","112990.0","0.0","0","10"
"true","LAPTOP","Lenovo IdeaPad Gaming 3 15ACH6 82K201UXIN Laptop laptop","LAP-000793","https://res.cloudinary.com/dngvbsauf/image/upload/v1788367038/tech-store/laptops/template-01.png","false","Lenovo IdeaPad Gaming 3 15ACH6 82K201UXIN Laptop","","109990.0","0.0","0","10"
"true","LAPTOP","Acer Aspire 5 NX.K6SSI.002 Laptop laptop","LAP-000794","https://res.cloudinary.com/dngvbsauf/image/upload/v1788367040/tech-store/laptops/template-02.jpg","false","Acer Aspire 5 NX.K6SSI.002 Laptop","","40990.0","0.0","0","10"
"true","LAPTOP","Asus TUF Gaming F15 FX506HC-HN362WS Gaming Laptop laptop","LAP-000795","https://res.cloudinary.com/dngvbsauf/image/upload/v1788367041/tech-store/laptops/template-03.png","false","Asus TUF Gaming F15 FX506HC-HN362WS Gaming Laptop","","76990.0","0.0","0","10"
"true","LAPTOP","Acer Aspire 7 A715-5G UN.QGBSI.002 Gaming Laptop laptop","LAP-000796","https://res.cloudinary.com/dngvbsauf/image/upload/v1788367043/tech-store/laptops/template-04.png","false","Acer Aspire 7 A715-5G UN.QGBSI.002 Gaming Laptop","","61990.0","0.0","0","10"
"true","LAPTOP","Dell Vostro 3525 Laptop laptop","LAP-000797","https://res.cloudinary.com/dngvbsauf/image/upload/v1788367045/tech-store/laptops/template-05.jpg","false","Dell Vostro 3525 Laptop","","57990.0","0.0","0","10"
"true","LAPTOP","LG Gram 16Z90Q-G.AJ54A2 Laptop laptop","LAP-000798","https://res.cloudinary.com/dngvbsauf/image/upload/v1788367046/tech-store/laptops/template-06.jpg","false","LG Gram 16Z90Q-G.AJ54A2 Laptop","","96490.0","0.0","0","10"
"true","LAPTOP","Dell Vostro 3425 Laptop laptop","LAP-000799","https://res.cloudinary.com/dngvbsauf/image/upload/v1788367048/tech-store/laptops/template-07.jpg","false","Dell Vostro 3425 Laptop","","52499.0","0.0","0","10"
"true","LAPTOP","Asus TUF Gaming F15 FX506LHB-HN357W Gaming Laptop laptop","LAP-000800","https://res.cloudinary.com/dngvbsauf/image/upload/v1788367049/tech-store/laptops/template-08.png","false","Asus TUF Gaming F15 FX506LHB-HN357W Gaming Laptop","","67461.0","0.0","0","10"
"true","LAPTOP","Asus ROG Flow X13 GV301RC-LJ022WS Gaming Laptop laptop","LAP-000801","https://res.cloudinary.com/dngvbsauf/image/upload/v1788367038/tech-store/laptops/template-01.png","false","Asus ROG Flow X13 GV301RC-LJ022WS Gaming Laptop","","144990.0","0.0","0","10"
"true","LAPTOP","Asus ROG Zephyrus G14 2022 GA402RK-L8148WS Gaming Laptop laptop","LAP-000802","https://res.cloudinary.com/dngvbsauf/image/upload/v1788367040/tech-store/laptops/template-02.jpg","false","Asus ROG Zephyrus G14 2022 GA402RK-L8148WS Gaming Laptop","","199990.0","0.0","0","10"
"true","LAPTOP","Asus ROG Flow X13 GV301RE-LJ199WS Gaming Laptop laptop","LAP-000803","https://res.cloudinary.com/dngvbsauf/image/upload/v1788367041/tech-store/laptops/template-03.png","false","Asus ROG Flow X13 GV301RE-LJ199WS Gaming Laptop","","164104.0","0.0","0","10"
"true","LAPTOP","Asus ROG Flow X13 GV301RE-LI201WS Gaming Laptop laptop","LAP-000804","https://res.cloudinary.com/dngvbsauf/image/upload/v1788367043/tech-store/laptops/template-04.png","false","Asus ROG Flow X13 GV301RE-LI201WS Gaming Laptop","","175990.0","0.0","0","10"
"true","LAPTOP","Asus ROG Zephyrus G15 2022 GA503RM-LN143WS Gaming Laptop laptop","LAP-000805","https://res.cloudinary.com/dngvbsauf/image/upload/v1788367045/tech-store/laptops/template-05.jpg","false","Asus ROG Zephyrus G15 2022 GA503RM-LN143WS Gaming Laptop","","144990.0","0.0","0","10"
"true","LAPTOP","Asus ROG Zephyrus G15 2022 GA503RM-HQ142WS Gaming Laptop laptop","LAP-000806","https://res.cloudinary.com/dngvbsauf/image/upload/v1788367046/tech-store/laptops/template-06.jpg","false","Asus ROG Zephyrus G15 2022 GA503RM-HQ142WS Gaming Laptop","","156990.0","0.0","0","10"
"true","LAPTOP","Asus ROG Zephyrus Duo 16 2022 GX650RXZ-LB226WS Gaming Laptop laptop","LAP-000807","https://res.cloudinary.com/dngvbsauf/image/upload/v1788367048/tech-store/laptops/template-07.jpg","false","Asus ROG Zephyrus Duo 16 2022 GX650RXZ-LB226WS Gaming Laptop","","396990.0","0.0","0","10"
"true","LAPTOP","Asus ROG Zephyrus G15 2022 GA503RS-HQ027WS Gaming Laptop laptop","LAP-000808","https://res.cloudinary.com/dngvbsauf/image/upload/v1788367049/tech-store/laptops/template-08.png","false","Asus ROG Zephyrus G15 2022 GA503RS-HQ027WS Gaming Laptop","","199086.0","0.0","0","10"
"true","LAPTOP","Asus ROG Zephyrus Duo 16 2022 GX650RXZ-LS228WS Gaming Laptop laptop","LAP-000809","https://res.cloudinary.com/dngvbsauf/image/upload/v1788367038/tech-store/laptops/template-01.png","false","Asus ROG Zephyrus Duo 16 2022 GX650RXZ-LS228WS Gaming Laptop","","361990.0","0.0","0","10"
"true","LAPTOP","Asus ROG Zephyrus G14 GA402RJ-L8182WS Gaming Laptop laptop","LAP-000810","https://res.cloudinary.com/dngvbsauf/image/upload/v1788367040/tech-store/laptops/template-02.jpg","false","Asus ROG Zephyrus G14 GA402RJ-L8182WS Gaming Laptop","","159399.0","0.0","0","10"
"true","LAPTOP","Asus ROG Zephyrus G15 2022 GA503RM-HQ111WS Gaming Laptop laptop","LAP-000811","https://res.cloudinary.com/dngvbsauf/image/upload/v1788367041/tech-store/laptops/template-03.png","false","Asus ROG Zephyrus G15 2022 GA503RM-HQ111WS Gaming Laptop","","148990.0","0.0","0","10"
"true","LAPTOP","Asus ROG Flow X16 2022 GV601RE-M6012WS Gaming Laptop laptop","LAP-000812","https://res.cloudinary.com/dngvbsauf/image/upload/v1788367043/tech-store/laptops/template-04.png","false","Asus ROG Flow X16 2022 GV601RE-M6012WS Gaming Laptop","","151990.0","0.0","0","10"
"true","LAPTOP","Asus ROG Zephyrus Duo 16 GX650RMZ-LS019WS Gaming Laptop laptop","LAP-000813","https://res.cloudinary.com/dngvbsauf/image/upload/v1788367045/tech-store/laptops/template-05.jpg","false","Asus ROG Zephyrus Duo 16 GX650RMZ-LS019WS Gaming Laptop","","224990.0","0.0","0","10"
"true","LAPTOP","Asus ROG Zephyrus G15 2022 GA503RW-LN067WS Gaming Laptop laptop","LAP-000814","https://res.cloudinary.com/dngvbsauf/image/upload/v1788367046/tech-store/laptops/template-06.jpg","false","Asus ROG Zephyrus G15 2022 GA503RW-LN067WS Gaming Laptop","","189990.0","0.0","0","10"
"true","LAPTOP","Asus ROG Flow X16 2022 GV601RM-M6054WS Gaming Laptop laptop","LAP-000815","https://res.cloudinary.com/dngvbsauf/image/upload/v1788367048/tech-store/laptops/template-07.jpg","false","Asus ROG Flow X16 2022 GV601RM-M6054WS Gaming Laptop","","171990.0","0.0","0","10"
"true","LAPTOP","Asus ROG Zephyrus Duo 16 2022 GX650RXZ-LO227WS Gaming Laptop laptop","LAP-000816","https://res.cloudinary.com/dngvbsauf/image/upload/v1788367049/tech-store/laptops/template-08.png","false","Asus ROG Zephyrus Duo 16 2022 GX650RXZ-LO227WS Gaming Laptop","","391990.0","0.0","0","10"
"true","LAPTOP","Asus ROG Flow X13 GV301RA-LJ031WS Gaming Laptop laptop","LAP-000817","https://res.cloudinary.com/dngvbsauf/image/upload/v1788367038/tech-store/laptops/template-01.png","false","Asus ROG Flow X13 GV301RA-LJ031WS Gaming Laptop","","111399.0","0.0","0","10"
"true","LAPTOP","Asus ROG Zephyrus G15 GA503RW-LN066WS Gaming Laptop laptop","LAP-000818","https://res.cloudinary.com/dngvbsauf/image/upload/v1788367040/tech-store/laptops/template-02.jpg","false","Asus ROG Zephyrus G15 GA503RW-LN066WS Gaming Laptop","","188000.0","0.0","0","10"
"true","LAPTOP","HP Pavilion x360 14-ek0092TU Laptop laptop","LAP-000819","https://res.cloudinary.com/dngvbsauf/image/upload/v1788367041/tech-store/laptops/template-03.png","false","HP Pavilion x360 14-ek0092TU Laptop","","89990.0","0.0","0","10"
"true","LAPTOP","Dell Inspiron 7620 Laptop laptop","LAP-000820","https://res.cloudinary.com/dngvbsauf/image/upload/v1788367043/tech-store/laptops/template-04.png","false","Dell Inspiron 7620 Laptop","","87500.0","0.0","0","10"
"true","LAPTOP","HP Pavilion x360 14-ek0078TU Laptop laptop","LAP-000821","https://res.cloudinary.com/dngvbsauf/image/upload/v1788367045/tech-store/laptops/template-05.jpg","false","HP Pavilion x360 14-ek0078TU Laptop","","71990.0","0.0","0","10"
"true","LAPTOP","Asus Zenbook Flip 14 OLED UP5401ZA-KN701WS Laptop laptop","LAP-000822","https://res.cloudinary.com/dngvbsauf/image/upload/v1788367046/tech-store/laptops/template-06.jpg","false","Asus Zenbook Flip 14 OLED UP5401ZA-KN701WS Laptop","","134990.0","0.0","0","10"
"true","LAPTOP","Asus Vivobook Flip 14 TP3402ZA-LZ511WS Laptop laptop","LAP-000823","https://res.cloudinary.com/dngvbsauf/image/upload/v1788367048/tech-store/laptops/template-07.jpg","false","Asus Vivobook Flip 14 TP3402ZA-LZ511WS Laptop","","76990.0","0.0","0","10"
"true","LAPTOP","HP 15s-fq2672TU Laptop laptop","LAP-000824","https://res.cloudinary.com/dngvbsauf/image/upload/v1788367049/tech-store/laptops/template-08.png","false","HP 15s-fq2672TU Laptop","","43500.0","0.0","0","10"
"true","LAPTOP","Asus Vivobook Flip 14 TP3402ZA-LZ501WS Laptop laptop","LAP-000825","https://res.cloudinary.com/dngvbsauf/image/upload/v1788367038/tech-store/laptops/template-01.png","false","Asus Vivobook Flip 14 TP3402ZA-LZ501WS Laptop","","94500.0","0.0","0","10"
"true","LAPTOP","HP 15s-fq2674TU Laptop laptop","LAP-000826","https://res.cloudinary.com/dngvbsauf/image/upload/v1788367040/tech-store/laptops/template-02.jpg","false","HP 15s-fq2674TU Laptop","","43990.0","0.0","0","10"
"true","LAPTOP","Asus TUF Gaming A17 FA706IC-HX036W Laptop laptop","LAP-000827","https://res.cloudinary.com/dngvbsauf/image/upload/v1788367041/tech-store/laptops/template-03.png","false","Asus TUF Gaming A17 FA706IC-HX036W Laptop","","67990.0","0.0","0","10"
"true","LAPTOP","Lenovo Legion 5 Pro 82JD005LIN Gaming Laptop laptop","LAP-000828","https://res.cloudinary.com/dngvbsauf/image/upload/v1788367043/tech-store/laptops/template-04.png","false","Lenovo Legion 5 Pro 82JD005LIN Gaming Laptop","","179790.0","0.0","0","10"
"true","LAPTOP","Asus VivoBook Ultra 14 laptop","LAP-000829","https://res.cloudinary.com/dngvbsauf/image/upload/v1788367045/tech-store/laptops/template-05.jpg","false","Asus VivoBook Ultra 14","","41790.0","0.0","0","10"
"true","LAPTOP","MSI GF75 Thin 10SC-611IN Laptop laptop","LAP-000830","https://res.cloudinary.com/dngvbsauf/image/upload/v1788367046/tech-store/laptops/template-06.jpg","false","MSI GF75 Thin 10SC-611IN Laptop","","58900.0","0.0","0","10"
"true","LAPTOP","Dell Inspiron 3511 D560803WIN9B Laptop laptop","LAP-000831","https://res.cloudinary.com/dngvbsauf/image/upload/v1788367048/tech-store/laptops/template-07.jpg","false","Dell Inspiron 3511 D560803WIN9B Laptop","","62500.0","0.0","0","10"
"true","LAPTOP","Asus VivoBook 14 X415JA-EB521WS Laptop laptop","LAP-000832","https://res.cloudinary.com/dngvbsauf/image/upload/v1788367049/tech-store/laptops/template-08.png","false","Asus VivoBook 14 X415JA-EB521WS Laptop","","42990.0","0.0","0","10"
"true","LAPTOP","Lenovo IdeaPad Gaming 3 82K101EEIN Laptop laptop","LAP-000833","https://res.cloudinary.com/dngvbsauf/image/upload/v1788367038/tech-store/laptops/template-01.png","false","Lenovo IdeaPad Gaming 3 82K101EEIN Laptop","","64990.0","0.0","0","10"
"true","LAPTOP","Lenovo ThinkBook 15 20VEA0YNIH Laptop laptop","LAP-000834","https://res.cloudinary.com/dngvbsauf/image/upload/v1788367040/tech-store/laptops/template-02.jpg","false","Lenovo ThinkBook 15 20VEA0YNIH Laptop","","55990.0","0.0","0","10"
"true","LAPTOP","Dell Latitude 5420 Business Laptop laptop","LAP-000835","https://res.cloudinary.com/dngvbsauf/image/upload/v1788367041/tech-store/laptops/template-03.png","false","Dell Latitude 5420 Business Laptop","","68500.0","0.0","0","10"
"true","LAPTOP","Lenovo Thinkbook 14 20VDA0KNIH Laptop laptop","LAP-000836","https://res.cloudinary.com/dngvbsauf/image/upload/v1788367043/tech-store/laptops/template-04.png","false","Lenovo Thinkbook 14 20VDA0KNIH Laptop","","71999.0","0.0","0","10"
"true","LAPTOP","MSI Alpha 15 B5EEK-029IN Laptop laptop","LAP-000837","https://res.cloudinary.com/dngvbsauf/image/upload/v1788367045/tech-store/laptops/template-05.jpg","false","MSI Alpha 15 B5EEK-029IN Laptop","","85290.0","0.0","0","10"
"true","LAPTOP","HP Victus 15-fb0051AX Gaming Laptop laptop","LAP-000838","https://res.cloudinary.com/dngvbsauf/image/upload/v1788367046/tech-store/laptops/template-06.jpg","false","HP Victus 15-fb0051AX Gaming Laptop","","74990.0","0.0","0","10"
"true","LAPTOP","HP Pavilion 14s- fy1003AU Laptop laptop","LAP-000839","https://res.cloudinary.com/dngvbsauf/image/upload/v1788367048/tech-store/laptops/template-07.jpg","false","HP Pavilion 14s- fy1003AU Laptop","","50499.0","0.0","0","10"
"true","LAPTOP","Asus VivoBook Ultra X415JA-EB531WS Laptop laptop","LAP-000840","https://res.cloudinary.com/dngvbsauf/image/upload/v1788367049/tech-store/laptops/template-08.png","false","Asus VivoBook Ultra X415JA-EB531WS Laptop","","47990.0","0.0","0","10"
"true","LAPTOP","Dell Vostro 3420 D552299WIN9BE Laptop laptop","LAP-000841","https://res.cloudinary.com/dngvbsauf/image/upload/v1788367038/tech-store/laptops/template-01.png","false","Dell Vostro 3420 D552299WIN9BE Laptop","","42300.0","0.0","0","10"
"true","LAPTOP","Dell XPS 15 9520 Laptop laptop","LAP-000842","https://res.cloudinary.com/dngvbsauf/image/upload/v1788367040/tech-store/laptops/template-02.jpg","false","Dell XPS 15 9520 Laptop","","255000.0","0.0","0","10"
"true","LAPTOP","HP Pavilion 14s-fy1005AU Laptop laptop","LAP-000843","https://res.cloudinary.com/dngvbsauf/image/upload/v1788367041/tech-store/laptops/template-03.png","false","HP Pavilion 14s-fy1005AU Laptop","","57990.0","0.0","0","10"
"true","LAPTOP","Asus TUF Gaming A17 FA706IC-HX055W Laptop laptop","LAP-000844","https://res.cloudinary.com/dngvbsauf/image/upload/v1788367043/tech-store/laptops/template-04.png","false","Asus TUF Gaming A17 FA706IC-HX055W Laptop","","86990.0","0.0","0","10"
"true","LAPTOP","Dell Vostro 5620 Laptop laptop","LAP-000845","https://res.cloudinary.com/dngvbsauf/image/upload/v1788367045/tech-store/laptops/template-05.jpg","false","Dell Vostro 5620 Laptop","","76990.0","0.0","0","10"
"true","LAPTOP","Lenovo Yoga 6 82UD0088IN 2-in-1 Laptop laptop","LAP-000846","https://res.cloudinary.com/dngvbsauf/image/upload/v1788367046/tech-store/laptops/template-06.jpg","false","Lenovo Yoga 6 82UD0088IN 2-in-1 Laptop","","84500.0","0.0","0","10"
"true","LAPTOP","Dell Vostro 5620 Laptop laptop","LAP-000847","https://res.cloudinary.com/dngvbsauf/image/upload/v1788367048/tech-store/laptops/template-07.jpg","false","Dell Vostro 5620 Laptop","","69800.0","0.0","0","10"
"true","LAPTOP","Asus EeeBook 14 E410KA-BV121WS Laptop laptop","LAP-000848","https://res.cloudinary.com/dngvbsauf/image/upload/v1788367049/tech-store/laptops/template-08.png","false","Asus EeeBook 14 E410KA-BV121WS Laptop","","25490.0","0.0","0","10"
"true","LAPTOP","Dell Vostro 3420 D552276WIN9BE Laptop laptop","LAP-000849","https://res.cloudinary.com/dngvbsauf/image/upload/v1788367038/tech-store/laptops/template-01.png","false","Dell Vostro 3420 D552276WIN9BE Laptop","","43490.0","0.0","0","10"
"true","LAPTOP","Dell XPS 13 9320 Laptop laptop","LAP-000850","https://res.cloudinary.com/dngvbsauf/image/upload/v1788367040/tech-store/laptops/template-02.jpg","false","Dell XPS 13 9320 Laptop","","140900.0","0.0","0","10"
"true","LAPTOP","HP Victus 16-E0301Ax Gaming Laptop laptop","LAP-000851","https://res.cloudinary.com/dngvbsauf/image/upload/v1788367041/tech-store/laptops/template-03.png","false","HP Victus 16-E0301Ax Gaming Laptop","","66490.0","0.0","0","10"
"true","LAPTOP","HP 15s-fq2673TU Laptop laptop","LAP-000852","https://res.cloudinary.com/dngvbsauf/image/upload/v1788367043/tech-store/laptops/template-04.png","false","HP 15s-fq2673TU Laptop","","44490.0","0.0","0","10"
"true","LAPTOP","LG Gram 17Z90Q-G.AH75A2 Laptop laptop","LAP-000853","https://res.cloudinary.com/dngvbsauf/image/upload/v1788367045/tech-store/laptops/template-05.jpg","false","LG Gram 17Z90Q-G.AH75A2 Laptop","","102990.0","0.0","0","10"
"true","LAPTOP","LG Gram 17 17Z90Q-G.AJ55A2 Laptop laptop","LAP-000854","https://res.cloudinary.com/dngvbsauf/image/upload/v1788367046/tech-store/laptops/template-06.jpg","false","LG Gram 17 17Z90Q-G.AJ55A2 Laptop","","87990.0","0.0","0","10"
"true","LAPTOP","Asus TUF Gaming F15 FX506HC-HN089WS Gaming Laptop laptop","LAP-000855","https://res.cloudinary.com/dngvbsauf/image/upload/v1788367048/tech-store/laptops/template-07.jpg","false","Asus TUF Gaming F15 FX506HC-HN089WS Gaming Laptop","","78990.0","0.0","0","10"
"true","LAPTOP","MSI Stealth 15M B12UE Gaming Laptop laptop","LAP-000856","https://res.cloudinary.com/dngvbsauf/image/upload/v1788367049/tech-store/laptops/template-08.png","false","MSI Stealth 15M B12UE Gaming Laptop","","139990.0","0.0","0","10"
"true","LAPTOP","HP Pavilion x360 14-ek0086TU Laptop laptop","LAP-000857","https://res.cloudinary.com/dngvbsauf/image/upload/v1788367038/tech-store/laptops/template-01.png","false","HP Pavilion x360 14-ek0086TU Laptop","","69950.0","0.0","0","10"
"true","LAPTOP","HP Envy x360 13-ay1062AU Laptop laptop","LAP-000858","https://res.cloudinary.com/dngvbsauf/image/upload/v1788367040/tech-store/laptops/template-02.jpg","false","HP Envy x360 13-ay1062AU Laptop","","79990.0","0.0","0","10"
"true","LAPTOP","LG Gram 14 14Z90Q-G.AH75A2 Laptop laptop","LAP-000859","https://res.cloudinary.com/dngvbsauf/image/upload/v1788367041/tech-store/laptops/template-03.png","false","LG Gram 14 14Z90Q-G.AH75A2 Laptop","","93490.0","0.0","0","10"
"true","LAPTOP","Asus ROG Strix G17 2022 G713RW-LL133WS Gaming Laptop laptop","LAP-000860","https://res.cloudinary.com/dngvbsauf/image/upload/v1788367043/tech-store/laptops/template-04.png","false","Asus ROG Strix G17 2022 G713RW-LL133WS Gaming Laptop","","181589.0","0.0","0","10"
"true","LAPTOP","LG Gram 16Z90Q-G.AH75A2 Laptop laptop","LAP-000861","https://res.cloudinary.com/dngvbsauf/image/upload/v1788367045/tech-store/laptops/template-05.jpg","false","LG Gram 16Z90Q-G.AH75A2 Laptop","","104590.0","0.0","0","10"
"true","LAPTOP","Asus TUF Gaming A15 FA506ICB-HN075W Laptop laptop","LAP-000862","https://res.cloudinary.com/dngvbsauf/image/upload/v1788367046/tech-store/laptops/template-06.jpg","false","Asus TUF Gaming A15 FA506ICB-HN075W Laptop","","78500.0","0.0","0","10"
"true","LAPTOP","LG Gram 17Z90Q-G.AH78A2 Laptop laptop","LAP-000863","https://res.cloudinary.com/dngvbsauf/image/upload/v1788367048/tech-store/laptops/template-07.jpg","false","LG Gram 17Z90Q-G.AH78A2 Laptop","","119990.0","0.0","0","10"
"true","LAPTOP","Dell G15-5525 Gaming Laptop laptop","LAP-000864","https://res.cloudinary.com/dngvbsauf/image/upload/v1788367049/tech-store/laptops/template-08.png","false","Dell G15-5525 Gaming Laptop","","124990.0","0.0","0","10"
"true","LAPTOP","Dell G15-5525 Gaming Laptop laptop","LAP-000865","https://res.cloudinary.com/dngvbsauf/image/upload/v1788367038/tech-store/laptops/template-01.png","false","Dell G15-5525 Gaming Laptop","","81990.0","0.0","0","10"
"true","LAPTOP","Lenovo IdeaPad Slim 3 82RK0085IN Laptop laptop","LAP-000866","https://res.cloudinary.com/dngvbsauf/image/upload/v1788367040/tech-store/laptops/template-02.jpg","false","Lenovo IdeaPad Slim 3 82RK0085IN Laptop","","61490.0","0.0","0","10"
"true","LAPTOP","MSI Crosshair 15 B12UEZ-037IN Gaming Laptop laptop","LAP-000867","https://res.cloudinary.com/dngvbsauf/image/upload/v1788367041/tech-store/laptops/template-03.png","false","MSI Crosshair 15 B12UEZ-037IN Gaming Laptop","","122000.0","0.0","0","10"
"true","LAPTOP","MSI Gaming Raider GE66 12UHS-218IN Gaming Laptop laptop","LAP-000868","https://res.cloudinary.com/dngvbsauf/image/upload/v1788367043/tech-store/laptops/template-04.png","false","MSI Gaming Raider GE66 12UHS-218IN Gaming Laptop","","409066.0","0.0","0","10"
"true","LAPTOP","Dell  G15-5525 Laptop laptop","LAP-000869","https://res.cloudinary.com/dngvbsauf/image/upload/v1788367045/tech-store/laptops/template-05.jpg","false","Dell  G15-5525 Laptop","","105990.0","0.0","0","10"
"true","LAPTOP","Dell G15-5525 Gaming Laptop laptop","LAP-000870","https://res.cloudinary.com/dngvbsauf/image/upload/v1788367046/tech-store/laptops/template-06.jpg","false","Dell G15-5525 Gaming Laptop","","74990.0","0.0","0","10"
"true","LAPTOP","Dell G15-5525 Gaming Laptop laptop","LAP-000871","https://res.cloudinary.com/dngvbsauf/image/upload/v1788367048/tech-store/laptops/template-07.jpg","false","Dell G15-5525 Gaming Laptop","","98900.0","0.0","0","10"
"true","LAPTOP","Lenovo ThinkPad P14s 20VXS0G800 Laptop laptop","LAP-000872","https://res.cloudinary.com/dngvbsauf/image/upload/v1788367049/tech-store/laptops/template-08.png","false","Lenovo ThinkPad P14s 20VXS0G800 Laptop","","103990.0","0.0","0","10"
"true","LAPTOP","MSI GP66 Leopard 11UG-693IN Gaming Laptop laptop","LAP-000873","https://res.cloudinary.com/dngvbsauf/image/upload/v1788367038/tech-store/laptops/template-01.png","false","MSI GP66 Leopard 11UG-693IN Gaming Laptop","","129990.0","0.0","0","10"
"true","LAPTOP","HP Spectre x360 13-ef0053TU Laptop laptop","LAP-000874","https://res.cloudinary.com/dngvbsauf/image/upload/v1788367040/tech-store/laptops/template-02.jpg","false","HP Spectre x360 13-ef0053TU Laptop","","124999.0","0.0","0","10"
"true","LAPTOP","MSI Sword 15 A12UD-471IN  Gaming Laptop laptop","LAP-000875","https://res.cloudinary.com/dngvbsauf/image/upload/v1788367041/tech-store/laptops/template-03.png","false","MSI Sword 15 A12UD-471IN  Gaming Laptop","","85990.0","0.0","0","10"
"true","LAPTOP","MSI Katana GF66 12UD-472IN Gaming Laptop laptop","LAP-000876","https://res.cloudinary.com/dngvbsauf/image/upload/v1788367043/tech-store/laptops/template-04.png","false","MSI Katana GF66 12UD-472IN Gaming Laptop","","76990.0","0.0","0","10"
"true","LAPTOP","Lenovo Thinkpad P15v 21AAS0R500 Laptop laptop","LAP-000877","https://res.cloudinary.com/dngvbsauf/image/upload/v1788367045/tech-store/laptops/template-05.jpg","false","Lenovo Thinkpad P15v 21AAS0R500 Laptop","","259500.0","0.0","0","10"
"true","LAPTOP","Asus ROG Strix G17 2022 G713RW-LL111WS Gaming Laptop laptop","LAP-000878","https://res.cloudinary.com/dngvbsauf/image/upload/v1788367046/tech-store/laptops/template-06.jpg","false","Asus ROG Strix G17 2022 G713RW-LL111WS Gaming Laptop","","188990.0","0.0","0","10"
"true","LAPTOP","Microsoft Surface GO 2 8QF-00046 Laptop laptop","LAP-000879","https://res.cloudinary.com/dngvbsauf/image/upload/v1788367048/tech-store/laptops/template-07.jpg","false","Microsoft Surface GO 2 8QF-00046 Laptop","","77324.0","0.0","0","10"
"true","LAPTOP","Dell Inspiron 7420 2-in-1 Touch Laptop laptop","LAP-000880","https://res.cloudinary.com/dngvbsauf/image/upload/v1788367049/tech-store/laptops/template-08.png","false","Dell Inspiron 7420 2-in-1 Touch Laptop","","62490.0","0.0","0","10"
"true","LAPTOP","Lenovo V14  82KAA01SIH Laptop laptop","LAP-000881","https://res.cloudinary.com/dngvbsauf/image/upload/v1788367038/tech-store/laptops/template-01.png","false","Lenovo V14  82KAA01SIH Laptop","","31999.0","0.0","0","10"
"true","LAPTOP","HP Victus 16-e1062AX Gaming Laptop laptop","LAP-000882","https://res.cloudinary.com/dngvbsauf/image/upload/v1788367040/tech-store/laptops/template-02.jpg","false","HP Victus 16-e1062AX Gaming Laptop","","84190.0","0.0","0","10"
"true","LAPTOP","HP Victus 16-e1060AX Gaming Laptop laptop","LAP-000883","https://res.cloudinary.com/dngvbsauf/image/upload/v1788367041/tech-store/laptops/template-03.png","false","HP Victus 16-e1060AX Gaming Laptop","","111500.0","0.0","0","10"
"true","LAPTOP","HP Victus 16-e0305ax Gaming Laptop laptop","LAP-000884","https://res.cloudinary.com/dngvbsauf/image/upload/v1788367043/tech-store/laptops/template-04.png","false","HP Victus 16-e0305ax Gaming Laptop","","78950.0","0.0","0","10"
"true","LAPTOP","Microsoft Surface GO 2 8QC-00021 Laptop laptop","LAP-000885","https://res.cloudinary.com/dngvbsauf/image/upload/v1788367045/tech-store/laptops/template-05.jpg","false","Microsoft Surface GO 2 8QC-00021 Laptop","","71990.0","0.0","0","10"
"true","LAPTOP","Acer TravelMate TMP214-53 Laptop laptop","LAP-000886","https://res.cloudinary.com/dngvbsauf/image/upload/v1788367046/tech-store/laptops/template-06.jpg","false","Acer TravelMate TMP214-53 Laptop","","41490.0","0.0","0","10"
"true","LAPTOP","Acer TravelMate TMP214-53 Laptop laptop","LAP-000887","https://res.cloudinary.com/dngvbsauf/image/upload/v1788367048/tech-store/laptops/template-07.jpg","false","Acer TravelMate TMP214-53 Laptop","","51990.0","0.0","0","10"
"true","LAPTOP","Acer TravelMate TMP214-53 Laptop laptop","LAP-000888","https://res.cloudinary.com/dngvbsauf/image/upload/v1788367049/tech-store/laptops/template-08.png","false","Acer TravelMate TMP214-53 Laptop","","45990.0","0.0","0","10"
"true","LAPTOP","Acer Aspire 3 A315-58 Laptop laptop","LAP-000889","https://res.cloudinary.com/dngvbsauf/image/upload/v1788367038/tech-store/laptops/template-01.png","false","Acer Aspire 3 A315-58 Laptop","","32800.0","0.0","0","10"
"true","LAPTOP","Acer Nitro 5 AN515-57 UN.QEHSI.004 Laptop laptop","LAP-000890","https://res.cloudinary.com/dngvbsauf/image/upload/v1788367040/tech-store/laptops/template-02.jpg","false","Acer Nitro 5 AN515-57 UN.QEHSI.004 Laptop","","62999.0","0.0","0","10"
"true","LAPTOP","Acer TravelMate TMP214-53 Business Laptop laptop","LAP-000891","https://res.cloudinary.com/dngvbsauf/image/upload/v1788367041/tech-store/laptops/template-03.png","false","Acer TravelMate TMP214-53 Business Laptop","","57990.0","0.0","0","10"
"true","LAPTOP","Lenovo Legion 5 82JK00BEIN Laptop laptop","LAP-000892","https://res.cloudinary.com/dngvbsauf/image/upload/v1788367043/tech-store/laptops/template-04.png","false","Lenovo Legion 5 82JK00BEIN Laptop","","119990.0","0.0","0","10"
"true","LAPTOP","Lenovo IdeaPad Slim 3 81X800LGIN Laptop laptop","LAP-000893","https://res.cloudinary.com/dngvbsauf/image/upload/v1788367045/tech-store/laptops/template-05.jpg","false","Lenovo IdeaPad Slim 3 81X800LGIN Laptop","","36999.0","0.0","0","10"
"true","LAPTOP","Acer Aspire 3 A315-59 Laptop laptop","LAP-000894","https://res.cloudinary.com/dngvbsauf/image/upload/v1788367046/tech-store/laptops/template-06.jpg","false","Acer Aspire 3 A315-59 Laptop","","56699.0","0.0","0","10"
"true","LAPTOP","Dell Inspiron 3525 Laptop laptop","LAP-000895","https://res.cloudinary.com/dngvbsauf/image/upload/v1788367048/tech-store/laptops/template-07.jpg","false","Dell Inspiron 3525 Laptop","","58750.0","0.0","0","10"
"true","LAPTOP","Asus TUF Gaming F17 FX777ZE-HX052WS Laptop laptop","LAP-000896","https://res.cloudinary.com/dngvbsauf/image/upload/v1788367049/tech-store/laptops/template-08.png","false","Asus TUF Gaming F17 FX777ZE-HX052WS Laptop","","114990.0","0.0","0","10"
"true","LAPTOP","Acer Nitro 5 AN515-45 NH.QBCSI.00F Gaming Laptop laptop","LAP-000897","https://res.cloudinary.com/dngvbsauf/image/upload/v1788367038/tech-store/laptops/template-01.png","false","Acer Nitro 5 AN515-45 NH.QBCSI.00F Gaming Laptop","","129999.0","0.0","0","10"
"true","LAPTOP","Dell Inspiron 7420 Laptop laptop","LAP-000898","https://res.cloudinary.com/dngvbsauf/image/upload/v1788367040/tech-store/laptops/template-02.jpg","false","Dell Inspiron 7420 Laptop","","86990.0","0.0","0","10"
"true","LAPTOP","Asus Vivobook S15 OLED S3502ZA-L702WS Laptop laptop","LAP-000899","https://res.cloudinary.com/dngvbsauf/image/upload/v1788367041/tech-store/laptops/template-03.png","false","Asus Vivobook S15 OLED S3502ZA-L702WS Laptop","","84900.0","0.0","0","10"
"true","LAPTOP","Lenovo Thinkpad E14 Gen 2 20TAS14C00 Laptop laptop","LAP-000900","https://res.cloudinary.com/dngvbsauf/image/upload/v1788367043/tech-store/laptops/template-04.png","false","Lenovo Thinkpad E14 Gen 2 20TAS14C00 Laptop","","48000.0","0.0","0","10"
"true","LAPTOP","Asus ZenBook S13 UM5302TA-LX701WS Laptop laptop","LAP-000901","https://res.cloudinary.com/dngvbsauf/image/upload/v1788367045/tech-store/laptops/template-05.jpg","false","Asus ZenBook S13 UM5302TA-LX701WS Laptop","","119990.0","0.0","0","10"
"true","LAPTOP","Asus ZenBook S13 UM5302TA-LX501WS Laptop laptop","LAP-000902","https://res.cloudinary.com/dngvbsauf/image/upload/v1788367046/tech-store/laptops/template-06.jpg","false","Asus ZenBook S13 UM5302TA-LX501WS Laptop","","99800.0","0.0","0","10"
"true","LAPTOP","Asus TUF Dash F15 2022 FX517ZE-HN036WS Gaming Laptop laptop","LAP-000903","https://res.cloudinary.com/dngvbsauf/image/upload/v1788367048/tech-store/laptops/template-07.jpg","false","Asus TUF Dash F15 2022 FX517ZE-HN036WS Gaming Laptop","","98990.0","0.0","0","10"
"true","LAPTOP","Lenovo IdeaPad Gaming 3 81Y401BHIN Gaming Laptop laptop","LAP-000904","https://res.cloudinary.com/dngvbsauf/image/upload/v1788367049/tech-store/laptops/template-08.png","false","Lenovo IdeaPad Gaming 3 81Y401BHIN Gaming Laptop","","74829.0","0.0","0","10"
"true","LAPTOP","Lenovo ThinkBook 15 21A4A09SIH Laptop laptop","LAP-000905","https://res.cloudinary.com/dngvbsauf/image/upload/v1788367038/tech-store/laptops/template-01.png","false","Lenovo ThinkBook 15 21A4A09SIH Laptop","","39500.0","0.0","0","10"
"true","LAPTOP","Asus VivoBook 14 2022 X1402ZA-EB512WS Laptop laptop","LAP-000906","https://res.cloudinary.com/dngvbsauf/image/upload/v1788367040/tech-store/laptops/template-02.jpg","false","Asus VivoBook 14 2022 X1402ZA-EB512WS Laptop","","62990.0","0.0","0","10"
"true","LAPTOP","Asus VivoBook 14 2022 X1402ZA-EB311WS Laptop laptop","LAP-000907","https://res.cloudinary.com/dngvbsauf/image/upload/v1788367041/tech-store/laptops/template-03.png","false","Asus VivoBook 14 2022 X1402ZA-EB311WS Laptop","","47990.0","0.0","0","10"
"true","LAPTOP","Asus ROG Flow Z13 2022 GZ301ZE-LC193WS Gaming Laptop laptop","LAP-000908","https://res.cloudinary.com/dngvbsauf/image/upload/v1788367043/tech-store/laptops/template-04.png","false","Asus ROG Flow Z13 2022 GZ301ZE-LC193WS Gaming Laptop","","304980.0","0.0","0","10"
"true","LAPTOP","Asus ROG Flow Z13 2022 GZ301ZE-LD064WS Gaming Laptop laptop","LAP-000909","https://res.cloudinary.com/dngvbsauf/image/upload/v1788367045/tech-store/laptops/template-05.jpg","false","Asus ROG Flow Z13 2022 GZ301ZE-LD064WS Gaming Laptop","","181990.0","0.0","0","10"
"true","LAPTOP","Asus ROG Flow Z13 2022 GZ301ZC-LD123WS Gaming Laptop laptop","LAP-000910","https://res.cloudinary.com/dngvbsauf/image/upload/v1788367046/tech-store/laptops/template-06.jpg","false","Asus ROG Flow Z13 2022 GZ301ZC-LD123WS Gaming Laptop","","150790.0","0.0","0","10"
"true","LAPTOP","Asus ROG Flow Z13 2022 GZ301ZA-LD049WS Gaming Laptop laptop","LAP-000911","https://res.cloudinary.com/dngvbsauf/image/upload/v1788367048/tech-store/laptops/template-07.jpg","false","Asus ROG Flow Z13 2022 GZ301ZA-LD049WS Gaming Laptop","","115390.0","0.0","0","10"
"true","LAPTOP","Asus TUF Dash F15 2022 FX517ZR-HQ030WS Gaming Laptop laptop","LAP-000912","https://res.cloudinary.com/dngvbsauf/image/upload/v1788367049/tech-store/laptops/template-08.png","false","Asus TUF Dash F15 2022 FX517ZR-HQ030WS Gaming Laptop","","149990.0","0.0","0","10"
"true","LAPTOP","Asus ROG Flow Z13 2022 GZ301ZE-LC192WS Gaming Laptop laptop","LAP-000913","https://res.cloudinary.com/dngvbsauf/image/upload/v1788367038/tech-store/laptops/template-01.png","false","Asus ROG Flow Z13 2022 GZ301ZE-LC192WS Gaming Laptop","","191990.0","0.0","0","10"
"true","LAPTOP","Asus TUF Dash F15 2022 FX517ZC-HN107WS Gaming Laptop laptop","LAP-000914","https://res.cloudinary.com/dngvbsauf/image/upload/v1788367040/tech-store/laptops/template-02.jpg","false","Asus TUF Dash F15 2022 FX517ZC-HN107WS Gaming Laptop","","87990.0","0.0","0","10"
"true","LAPTOP","Acer Aspire 5 A515-56 UN.A1ESI.022 laptop","LAP-000915","https://res.cloudinary.com/dngvbsauf/image/upload/v1788367041/tech-store/laptops/template-03.png","false","Acer Aspire 5 A515-56 UN.A1ESI.022","","49994.0","0.0","0","10"
"true","LAPTOP","MSI GS76 Stealth 11UE-631IN 9S7-17M111-631 Gaming Laptop laptop","LAP-000916","https://res.cloudinary.com/dngvbsauf/image/upload/v1788367043/tech-store/laptops/template-04.png","false","MSI GS76 Stealth 11UE-631IN 9S7-17M111-631 Gaming Laptop","","162000.0","0.0","0","10"
"true","LAPTOP","Infinix INBook X1 Slim XL21 Laptop laptop","LAP-000917","https://res.cloudinary.com/dngvbsauf/image/upload/v1788367045/tech-store/laptops/template-05.jpg","false","Infinix INBook X1 Slim XL21 Laptop","","42990.0","0.0","0","10"
"true","LAPTOP","Acer Predator Helios 300 PH315-55 NH.QGPS.003 Gaming Laptop laptop","LAP-000918","https://res.cloudinary.com/dngvbsauf/image/upload/v1788367046/tech-store/laptops/template-06.jpg","false","Acer Predator Helios 300 PH315-55 NH.QGPS.003 Gaming Laptop","","155490.0","0.0","0","10"
"true","LAPTOP","Lenovo ThinkBook 15 21A4A09UIH Laptop laptop","LAP-000919","https://res.cloudinary.com/dngvbsauf/image/upload/v1788367048/tech-store/laptops/template-07.jpg","false","Lenovo ThinkBook 15 21A4A09UIH Laptop","","49990.0","0.0","0","10"
"true","LAPTOP","Lenovo ThinkPad E14 20TAS16F00 Laptop laptop","LAP-000920","https://res.cloudinary.com/dngvbsauf/image/upload/v1788367049/tech-store/laptops/template-08.png","false","Lenovo ThinkPad E14 20TAS16F00 Laptop","","42300.0","0.0","0","10"
"true","LAPTOP","Lenovo Legion 5 15IMH6 82NL00APIN Gaming Laptop laptop","LAP-000921","https://res.cloudinary.com/dngvbsauf/image/upload/v1788367038/tech-store/laptops/template-01.png","false","Lenovo Legion 5 15IMH6 82NL00APIN Gaming Laptop","","73847.0","0.0","0","10"
"true","LAPTOP","Asus ROG Strix G15 Advantage Edition G513QY-HQ032WS Gaming Laptop laptop","LAP-000922","https://res.cloudinary.com/dngvbsauf/image/upload/v1788367040/tech-store/laptops/template-02.jpg","false","Asus ROG Strix G15 Advantage Edition G513QY-HQ032WS Gaming Laptop","","139990.0","0.0","0","10"
"true","LAPTOP","Asus TUF Gaming F15 FX507ZM-HF068WS Laptop laptop","LAP-000923","https://res.cloudinary.com/dngvbsauf/image/upload/v1788367041/tech-store/laptops/template-03.png","false","Asus TUF Gaming F15 FX507ZM-HF068WS Laptop","","118990.0","0.0","0","10"
"true","LAPTOP","Infinix INBook X1 Slim Series XL21 Laptop laptop","LAP-000924","https://res.cloudinary.com/dngvbsauf/image/upload/v1788367043/tech-store/laptops/template-04.png","false","Infinix INBook X1 Slim Series XL21 Laptop","","32990.0","0.0","0","10"
"true","LAPTOP","Infinix INBook X1 Slim Series XL21 Laptop laptop","LAP-000925","https://res.cloudinary.com/dngvbsauf/image/upload/v1788367045/tech-store/laptops/template-05.jpg","false","Infinix INBook X1 Slim Series XL21 Laptop","","51990.0","0.0","0","10"
"true","LAPTOP","Asus ZenBook Pro Duo 15 OLED 2021 UX582HM-H701WS Laptop laptop","LAP-000926","https://res.cloudinary.com/dngvbsauf/image/upload/v1788367046/tech-store/laptops/template-06.jpg","false","Asus ZenBook Pro Duo 15 OLED 2021 UX582HM-H701WS Laptop","","200000.0","0.0","0","10"
"true","LAPTOP","Dell XPS 15 9520 Laptop laptop","LAP-000927","https://res.cloudinary.com/dngvbsauf/image/upload/v1788367048/tech-store/laptops/template-07.jpg","false","Dell XPS 15 9520 Laptop","","245000.0","0.0","0","10"
"true","LAPTOP","Dell Vostro 3515 Laptop laptop","LAP-000928","https://res.cloudinary.com/dngvbsauf/image/upload/v1788367049/tech-store/laptops/template-08.png","false","Dell Vostro 3515 Laptop","","35300.0","0.0","0","10"
"true","LAPTOP","Lenovo ThinkBook 15 20VEA0YQIH Laptop laptop","LAP-000929","https://res.cloudinary.com/dngvbsauf/image/upload/v1788367038/tech-store/laptops/template-01.png","false","Lenovo ThinkBook 15 20VEA0YQIH Laptop","","37990.0","0.0","0","10"
"true","LAPTOP","HP Omen 16-B1371TX Gaming Laptop laptop","LAP-000930","https://res.cloudinary.com/dngvbsauf/image/upload/v1788367040/tech-store/laptops/template-02.jpg","false","HP Omen 16-B1371TX Gaming Laptop","","176490.0","0.0","0","10"
"true","LAPTOP","Asus VivoBook 15 X512DA-BQ303WS Laptop laptop","LAP-000931","https://res.cloudinary.com/dngvbsauf/image/upload/v1788367041/tech-store/laptops/template-03.png","false","Asus VivoBook 15 X512DA-BQ303WS Laptop","","33990.0","0.0","0","10"
"true","LAPTOP","Dell Vostro 3515 Laptop laptop","LAP-000932","https://res.cloudinary.com/dngvbsauf/image/upload/v1788367043/tech-store/laptops/template-04.png","false","Dell Vostro 3515 Laptop","","38890.0","0.0","0","10"
"true","LAPTOP","Asus Strix G15 G513RM-HF274WS Gaming Laptop laptop","LAP-000933","https://res.cloudinary.com/dngvbsauf/image/upload/v1788367045/tech-store/laptops/template-05.jpg","false","Asus Strix G15 G513RM-HF274WS Gaming Laptop","","135960.0","0.0","0","10"
"true","LAPTOP","HP Omen 16-b1350TX Laptop laptop","LAP-000934","https://res.cloudinary.com/dngvbsauf/image/upload/v1788367046/tech-store/laptops/template-06.jpg","false","HP Omen 16-b1350TX Laptop","","128999.0","0.0","0","10"
"true","LAPTOP","Asus TUF Gaming A17 FA777RC-HX027WS Laptop laptop","LAP-000935","https://res.cloudinary.com/dngvbsauf/image/upload/v1788367048/tech-store/laptops/template-07.jpg","false","Asus TUF Gaming A17 FA777RC-HX027WS Laptop","","88990.0","0.0","0","10"
"true","LAPTOP","Lenovo ThinkBook 14 G2 20VDA0QMIH Laptop laptop","LAP-000936","https://res.cloudinary.com/dngvbsauf/image/upload/v1788367049/tech-store/laptops/template-08.png","false","Lenovo ThinkBook 14 G2 20VDA0QMIH Laptop","","44799.0","0.0","0","10"
"true","LAPTOP","Asus Vivobook 15 Touch X515EA-EZ311WS Laptop laptop","LAP-000937","https://res.cloudinary.com/dngvbsauf/image/upload/v1788367038/tech-store/laptops/template-01.png","false","Asus Vivobook 15 Touch X515EA-EZ311WS Laptop","","39990.0","0.0","0","10"
"true","LAPTOP","Asus Vivobook 15 Touch X515EA-EZ501WS Laptop laptop","LAP-000938","https://res.cloudinary.com/dngvbsauf/image/upload/v1788367040/tech-store/laptops/template-02.jpg","false","Asus Vivobook 15 Touch X515EA-EZ501WS Laptop","","51990.0","0.0","0","10"
"true","LAPTOP","Asus TUF Gaming F17 FX777ZC-HX069W Gaming Laptop laptop","LAP-000939","https://res.cloudinary.com/dngvbsauf/image/upload/v1788367041/tech-store/laptops/template-03.png","false","Asus TUF Gaming F17 FX777ZC-HX069W Gaming Laptop","","94990.0","0.0","0","10"
"true","LAPTOP","Lenovo ThinkBook 15 21A4A09RIH Laptop laptop","LAP-000940","https://res.cloudinary.com/dngvbsauf/image/upload/v1788367043/tech-store/laptops/template-04.png","false","Lenovo ThinkBook 15 21A4A09RIH Laptop","","48790.0","0.0","0","10"
"true","LAPTOP","Asus TUF A17 FA766IC-HX005W Gaming Laptop laptop","LAP-000941","https://res.cloudinary.com/dngvbsauf/image/upload/v1788367045/tech-store/laptops/template-05.jpg","false","Asus TUF A17 FA766IC-HX005W Gaming Laptop","","84990.0","0.0","0","10"
"true","LAPTOP","MSI Thin GF63 11UC-850IN Gaming Laptop laptop","LAP-000942","https://res.cloudinary.com/dngvbsauf/image/upload/v1788367046/tech-store/laptops/template-06.jpg","false","MSI Thin GF63 11UC-850IN Gaming Laptop","","72985.0","0.0","0","10"
"true","LAPTOP","MSI Sword 15 A12UC-467IN Gaming Laptop laptop","LAP-000943","https://res.cloudinary.com/dngvbsauf/image/upload/v1788367048/tech-store/laptops/template-07.jpg","false","MSI Sword 15 A12UC-467IN Gaming Laptop","","89544.0","0.0","0","10"
"true","LAPTOP","MSI Thin GF63 11UC-851IN Gaming Laptop laptop","LAP-000944","https://res.cloudinary.com/dngvbsauf/image/upload/v1788367049/tech-store/laptops/template-08.png","false","MSI Thin GF63 11UC-851IN Gaming Laptop","","63800.0","0.0","0","10"
"true","LAPTOP","Apple MacBook Pro 2022 Laptop laptop","LAP-000945","https://res.cloudinary.com/dngvbsauf/image/upload/v1788367038/tech-store/laptops/template-01.png","false","Apple MacBook Pro 2022 Laptop","","121990.0","0.0","0","10"
"true","LAPTOP","HP Pavilion 15s-fy5001TU Laptop laptop","LAP-000946","https://res.cloudinary.com/dngvbsauf/image/upload/v1788367040/tech-store/laptops/template-02.jpg","false","HP Pavilion 15s-fy5001TU Laptop","","61000.0","0.0","0","10"
"true","LAPTOP","Lenovo IdeaPad Gaming 3 15IHU6 82K101A3IN Laptop laptop","LAP-000947","https://res.cloudinary.com/dngvbsauf/image/upload/v1788367041/tech-store/laptops/template-03.png","false","Lenovo IdeaPad Gaming 3 15IHU6 82K101A3IN Laptop","","68990.0","0.0","0","10"
"true","LAPTOP","HP Victus 16-d0354TX Laptop laptop","LAP-000948","https://res.cloudinary.com/dngvbsauf/image/upload/v1788367043/tech-store/laptops/template-04.png","false","HP Victus 16-d0354TX Laptop","","67990.0","0.0","0","10"
"true","LAPTOP","Asus TUF Gaming A15 FA506IC-HN100W Laptop laptop","LAP-000949","https://res.cloudinary.com/dngvbsauf/image/upload/v1788367045/tech-store/laptops/template-05.jpg","false","Asus TUF Gaming A15 FA506IC-HN100W Laptop","","85990.0","0.0","0","10"
"true","LAPTOP","Lenovo ThinkBook 15 20VEA0YPIH Laptop laptop","LAP-000950","https://res.cloudinary.com/dngvbsauf/image/upload/v1788367046/tech-store/laptops/template-06.jpg","false","Lenovo ThinkBook 15 20VEA0YPIH Laptop","","41999.0","0.0","0","10"
"true","LAPTOP","Asus TUF Gaming F15 FX577ZE-HN072WS Laptop laptop","LAP-000951","https://res.cloudinary.com/dngvbsauf/image/upload/v1788367048/tech-store/laptops/template-07.jpg","false","Asus TUF Gaming F15 FX577ZE-HN072WS Laptop","","107498.0","0.0","0","10"
"true","LAPTOP","HP Victus 16-d0361TX Laptop laptop","LAP-000952","https://res.cloudinary.com/dngvbsauf/image/upload/v1788367049/tech-store/laptops/template-08.png","false","HP Victus 16-d0361TX Laptop","","104000.0","0.0","0","10"
"true","LAPTOP","Dell Inspiron 7425 Laptop laptop","LAP-000953","https://res.cloudinary.com/dngvbsauf/image/upload/v1788367038/tech-store/laptops/template-01.png","false","Dell Inspiron 7425 Laptop","","78203.0","0.0","0","10"
"true","LAPTOP","Acer Predator Helios 300 NH.QC2SI.00B Laptop laptop","LAP-000954","https://res.cloudinary.com/dngvbsauf/image/upload/v1788367040/tech-store/laptops/template-02.jpg","false","Acer Predator Helios 300 NH.QC2SI.00B Laptop","","119990.0","0.0","0","10"
"true","LAPTOP","Dell Inspiron 7425 Laptop laptop","LAP-000955","https://res.cloudinary.com/dngvbsauf/image/upload/v1788367041/tech-store/laptops/template-03.png","false","Dell Inspiron 7425 Laptop","","89990.0","0.0","0","10"
"true","LAPTOP","Asus ROG Strix G17 G713RM-LL167WS Gaming Laptop laptop","LAP-000956","https://res.cloudinary.com/dngvbsauf/image/upload/v1788367043/tech-store/laptops/template-04.png","false","Asus ROG Strix G17 G713RM-LL167WS Gaming Laptop","","134990.0","0.0","0","10"
"true","LAPTOP","Samsung Galaxy Book2 15 Laptop laptop","LAP-000957","https://res.cloudinary.com/dngvbsauf/image/upload/v1788367045/tech-store/laptops/template-05.jpg","false","Samsung Galaxy Book2 15 Laptop","","59990.0","0.0","0","10"
"true","LAPTOP","HP Pavilion 14-dv2016TU Laptop laptop","LAP-000958","https://res.cloudinary.com/dngvbsauf/image/upload/v1788367046/tech-store/laptops/template-06.jpg","false","HP Pavilion 14-dv2016TU Laptop","","69900.0","0.0","0","10"
"true","LAPTOP","HP Envy x360 13-ay1059AU Laptop laptop","LAP-000959","https://res.cloudinary.com/dngvbsauf/image/upload/v1788367048/tech-store/laptops/template-07.jpg","false","HP Envy x360 13-ay1059AU Laptop","","77990.0","0.0","0","10"
"true","LAPTOP","HP Pavilion Gaming 15-DK1520TX Laptop laptop","LAP-000960","https://res.cloudinary.com/dngvbsauf/image/upload/v1788367049/tech-store/laptops/template-08.png","false","HP Pavilion Gaming 15-DK1520TX Laptop","","60990.0","0.0","0","10"
"true","LAPTOP","Lenovo IdeaPad Gaming 3 82K10199IN Laptop laptop","LAP-000961","https://res.cloudinary.com/dngvbsauf/image/upload/v1788367038/tech-store/laptops/template-01.png","false","Lenovo IdeaPad Gaming 3 82K10199IN Laptop","","67000.0","0.0","0","10"
"true","LAPTOP","HP Pavilion 14-dv2019TU Laptop laptop","LAP-000962","https://res.cloudinary.com/dngvbsauf/image/upload/v1788367040/tech-store/laptops/template-02.jpg","false","HP Pavilion 14-dv2019TU Laptop","","62999.0","0.0","0","10"
"true","LAPTOP","Asus VivoBook 15 M515DA-BQ332WS Laptop laptop","LAP-000963","https://res.cloudinary.com/dngvbsauf/image/upload/v1788367041/tech-store/laptops/template-03.png","false","Asus VivoBook 15 M515DA-BQ332WS Laptop","","34990.0","0.0","0","10"
"true","LAPTOP","Dell Inspiron 15 3511 Laptop laptop","LAP-000964","https://res.cloudinary.com/dngvbsauf/image/upload/v1788367043/tech-store/laptops/template-04.png","false","Dell Inspiron 15 3511 Laptop","","52890.0","0.0","0","10"
"true","LAPTOP","Samsung Galaxy Book2 15 Laptop laptop","LAP-000965","https://res.cloudinary.com/dngvbsauf/image/upload/v1788367045/tech-store/laptops/template-05.jpg","false","Samsung Galaxy Book2 15 Laptop","","69990.0","0.0","0","10"
"true","LAPTOP","Asus Strix G15 G513RM-HF272WS Gaming Laptop laptop","LAP-000966","https://res.cloudinary.com/dngvbsauf/image/upload/v1788367046/tech-store/laptops/template-06.jpg","false","Asus Strix G15 G513RM-HF272WS Gaming Laptop","","129990.0","0.0","0","10"
"true","LAPTOP","Asus X515EA-BQ522WS Laptop laptop","LAP-000967","https://res.cloudinary.com/dngvbsauf/image/upload/v1788367048/tech-store/laptops/template-07.jpg","false","Asus X515EA-BQ522WS Laptop","","53500.0","0.0","0","10"
"true","LAPTOP","Dell G15-5520 D560737WIN9B Laptop laptop","LAP-000968","https://res.cloudinary.com/dngvbsauf/image/upload/v1788367049/tech-store/laptops/template-08.png","false","Dell G15-5520 D560737WIN9B Laptop","","125990.0","0.0","0","10"
"true","LAPTOP","Lenovo IdeaPad Gaming 3 81Y401ARIN Gaming Laptop laptop","LAP-000969","https://res.cloudinary.com/dngvbsauf/image/upload/v1788367038/tech-store/laptops/template-01.png","false","Lenovo IdeaPad Gaming 3 81Y401ARIN Gaming Laptop","","63990.0","0.0","0","10"
"true","LAPTOP","Lenovo IdeaPad Flex 5 82HU00PPIN Laptop laptop","LAP-000970","https://res.cloudinary.com/dngvbsauf/image/upload/v1788367040/tech-store/laptops/template-02.jpg","false","Lenovo IdeaPad Flex 5 82HU00PPIN Laptop","","57990.0","0.0","0","10"
"true","LAPTOP","Dell Inspiron G15 D560826WIN9G Laptop laptop","LAP-000971","https://res.cloudinary.com/dngvbsauf/image/upload/v1788367041/tech-store/laptops/template-03.png","false","Dell Inspiron G15 D560826WIN9G Laptop","","101639.0","0.0","0","10"
"true","LAPTOP","Dell Vostro 3405 Laptop laptop","LAP-000972","https://res.cloudinary.com/dngvbsauf/image/upload/v1788367043/tech-store/laptops/template-04.png","false","Dell Vostro 3405 Laptop","","38990.0","0.0","0","10"
"true","LAPTOP","Dell Inspiron 5518 Laptop laptop","LAP-000973","https://res.cloudinary.com/dngvbsauf/image/upload/v1788367045/tech-store/laptops/template-05.jpg","false","Dell Inspiron 5518 Laptop","","65490.0","0.0","0","10"
"true","LAPTOP","Lenovo IdeaPad 5 Pro 14ITL6 82L300CAIN Laptop laptop","LAP-000974","https://res.cloudinary.com/dngvbsauf/image/upload/v1788367046/tech-store/laptops/template-06.jpg","false","Lenovo IdeaPad 5 Pro 14ITL6 82L300CAIN Laptop","","77490.0","0.0","0","10"
"true","LAPTOP","Dell Inspiron G15 D560827WIN9G Laptop laptop","LAP-000975","https://res.cloudinary.com/dngvbsauf/image/upload/v1788367048/tech-store/laptops/template-07.jpg","false","Dell Inspiron G15 D560827WIN9G Laptop","","66599.0","0.0","0","10"
"true","LAPTOP","Asus Vivobook S15 OLED K3502ZA-L701WS Laptop laptop","LAP-000976","https://res.cloudinary.com/dngvbsauf/image/upload/v1788367049/tech-store/laptops/template-08.png","false","Asus Vivobook S15 OLED K3502ZA-L701WS Laptop","","84700.0","0.0","0","10"
"true","LAPTOP","Lenovo IdeaPad 3 15IML05 81WB01EBIN Laptop laptop","LAP-000977","https://res.cloudinary.com/dngvbsauf/image/upload/v1788367038/tech-store/laptops/template-01.png","false","Lenovo IdeaPad 3 15IML05 81WB01EBIN Laptop","","37990.0","0.0","0","10"
"true","LAPTOP","Acer Aspire 3 A314-35 UN.K0SSI.011 Laptop laptop","LAP-000978","https://res.cloudinary.com/dngvbsauf/image/upload/v1788367040/tech-store/laptops/template-02.jpg","false","Acer Aspire 3 A314-35 UN.K0SSI.011 Laptop","","26600.0","0.0","0","10"
"true","LAPTOP","Lenovo IdeaPad 3 15IGL05 81WQ00MQIN Laptop laptop","LAP-000979","https://res.cloudinary.com/dngvbsauf/image/upload/v1788367041/tech-store/laptops/template-03.png","false","Lenovo IdeaPad 3 15IGL05 81WQ00MQIN Laptop","","27000.0","0.0","0","10"
"true","LAPTOP","Lenovo IdeaPad 3 15ITL05 81X800K9IN Laptop laptop","LAP-000980","https://res.cloudinary.com/dngvbsauf/image/upload/v1788367043/tech-store/laptops/template-04.png","false","Lenovo IdeaPad 3 15ITL05 81X800K9IN Laptop","","60494.0","0.0","0","10"
"true","LAPTOP","Lenovo IdeaPad 3 15ITL6 82H802L0IN Laptop laptop","LAP-000981","https://res.cloudinary.com/dngvbsauf/image/upload/v1788367045/tech-store/laptops/template-05.jpg","false","Lenovo IdeaPad 3 15ITL6 82H802L0IN Laptop","","39994.0","0.0","0","10"
"true","LAPTOP","Dell Inspiron 5310 Laptop laptop","LAP-000982","https://res.cloudinary.com/dngvbsauf/image/upload/v1788367046/tech-store/laptops/template-06.jpg","false","Dell Inspiron 5310 Laptop","","72620.0","0.0","0","10"
"true","LAPTOP","Asus Vivobook S14 OLED S3402ZA-KM701WS Laptop laptop","LAP-000983","https://res.cloudinary.com/dngvbsauf/image/upload/v1788367048/tech-store/laptops/template-07.jpg","false","Asus Vivobook S14 OLED S3402ZA-KM701WS Laptop","","81990.0","0.0","0","10"
"true","LAPTOP","Asus Zenbook 14X OLED Space Edition UX5401ZAS-KN711WS Laptop laptop","LAP-000984","https://res.cloudinary.com/dngvbsauf/image/upload/v1788367049/tech-store/laptops/template-08.png","false","Asus Zenbook 14X OLED Space Edition UX5401ZAS-KN711WS Laptop","","116990.0","0.0","0","10"
"true","LAPTOP","Asus Vivobook 14 OLED UX3402ZA-KM531WS Laptop laptop","LAP-000985","https://res.cloudinary.com/dngvbsauf/image/upload/v1788367038/tech-store/laptops/template-01.png","false","Asus Vivobook 14 OLED UX3402ZA-KM531WS Laptop","","85990.0","0.0","0","10"
"true","LAPTOP","Lenovo IdeaPad Slim 3 81X800J1IN Laptop laptop","LAP-000986","https://res.cloudinary.com/dngvbsauf/image/upload/v1788367040/tech-store/laptops/template-02.jpg","false","Lenovo IdeaPad Slim 3 81X800J1IN Laptop","","53100.0","0.0","0","10"
"true","LAPTOP","Asus Zenbook Space Edition UX5401ZAS-KN521WS Laptop laptop","LAP-000987","https://res.cloudinary.com/dngvbsauf/image/upload/v1788367041/tech-store/laptops/template-03.png","false","Asus Zenbook Space Edition UX5401ZAS-KN521WS Laptop","","104390.0","0.0","0","10"
"true","LAPTOP","Asus Zenbook 14X OLED Space Edition UX5401ZAS-KN901WS Laptop laptop","LAP-000988","https://res.cloudinary.com/dngvbsauf/image/upload/v1788367043/tech-store/laptops/template-04.png","false","Asus Zenbook 14X OLED Space Edition UX5401ZAS-KN901WS Laptop","","159990.0","0.0","0","10"
"true","LAPTOP","Lenovo ThinkBook 14 20VDA0TLIH Laptop laptop","LAP-000989","https://res.cloudinary.com/dngvbsauf/image/upload/v1788367045/tech-store/laptops/template-05.jpg","false","Lenovo ThinkBook 14 20VDA0TLIH Laptop","","69490.0","0.0","0","10"
"true","LAPTOP","Acer Aspire 3 A315-58 Laptop laptop","LAP-000990","https://res.cloudinary.com/dngvbsauf/image/upload/v1788367046/tech-store/laptops/template-06.jpg","false","Acer Aspire 3 A315-58 Laptop","","62999.0","0.0","0","10"
"true","LAPTOP","Asus TUF Gaming A15 FA506IC-HN075W Laptop laptop","LAP-000991","https://res.cloudinary.com/dngvbsauf/image/upload/v1788367048/tech-store/laptops/template-07.jpg","false","Asus TUF Gaming A15 FA506IC-HN075W Laptop","","80990.0","0.0","0","10"
"true","LAPTOP","Acer Extensa EX215-31 Laptop laptop","LAP-000992","https://res.cloudinary.com/dngvbsauf/image/upload/v1788367049/tech-store/laptops/template-08.png","false","Acer Extensa EX215-31 Laptop","","23899.0","0.0","0","10"
"true","LAPTOP","Fujitsu CH 4ZR1H03553 Laptop laptop","LAP-000993","https://res.cloudinary.com/dngvbsauf/image/upload/v1788367038/tech-store/laptops/template-01.png","false","Fujitsu CH 4ZR1H03553 Laptop","","54990.0","0.0","0","10"
"true","LAPTOP","Lenovo V15 82KB0003GE Laptop laptop","LAP-000994","https://res.cloudinary.com/dngvbsauf/image/upload/v1788367040/tech-store/laptops/template-02.jpg","false","Lenovo V15 82KB0003GE Laptop","","32499.0","0.0","0","10"
"true","LAPTOP","Lenovo Thinkpad P15v 21AAS0R100 Laptop laptop","LAP-000995","https://res.cloudinary.com/dngvbsauf/image/upload/v1788367041/tech-store/laptops/template-03.png","false","Lenovo Thinkpad P15v 21AAS0R100 Laptop","","146500.0","0.0","0","10"
"true","LAPTOP","Asus VivoBook 15 X515JA-BQ521WS Laptop laptop","LAP-000996","https://res.cloudinary.com/dngvbsauf/image/upload/v1788367043/tech-store/laptops/template-04.png","false","Asus VivoBook 15 X515JA-BQ521WS Laptop","","42990.0","0.0","0","10"
"true","LAPTOP","Fujitsu UH-X 4ZR1F38027 Laptop laptop","LAP-000997","https://res.cloudinary.com/dngvbsauf/image/upload/v1788367045/tech-store/laptops/template-05.jpg","false","Fujitsu UH-X 4ZR1F38027 Laptop","","99990.0","0.0","0","10"
"true","LAPTOP","Lenovo IdeaPad Slim 3 81WE01QLIN Laptop laptop","LAP-000998","https://res.cloudinary.com/dngvbsauf/image/upload/v1788367046/tech-store/laptops/template-06.jpg","false","Lenovo IdeaPad Slim 3 81WE01QLIN Laptop","","37490.0","0.0","0","10"
"true","LAPTOP","Asus K413EA-EB522WS Laptop laptop","LAP-000999","https://res.cloudinary.com/dngvbsauf/image/upload/v1788367048/tech-store/laptops/template-07.jpg","false","Asus K413EA-EB522WS Laptop","","56990.0","0.0","0","10"
"true","LAPTOP","HP Victus 16-e0361ax Gaming Laptop laptop","LAP-001000","https://res.cloudinary.com/dngvbsauf/image/upload/v1788367049/tech-store/laptops/template-08.png","false","HP Victus 16-e0361ax Gaming Laptop","","104490.0","0.0","0","10"
"true","LAPTOP","Asus Vivobook Pro 14 OLED 2021 M3401QC-KM045WS Laptop laptop","LAP-001001","https://res.cloudinary.com/dngvbsauf/image/upload/v1788367038/tech-store/laptops/template-01.png","false","Asus Vivobook Pro 14 OLED 2021 M3401QC-KM045WS Laptop","","87500.0","0.0","0","10"
"true","LAPTOP","HP Pavilion 14-EC1019AU Laptop laptop","LAP-001002","https://res.cloudinary.com/dngvbsauf/image/upload/v1788367040/tech-store/laptops/template-02.jpg","false","HP Pavilion 14-EC1019AU Laptop","","61990.0","0.0","0","10"
"true","LAPTOP","Asus TUF A15 OLED FA507RM-HF030WS Laptop laptop","LAP-001003","https://res.cloudinary.com/dngvbsauf/image/upload/v1788367041/tech-store/laptops/template-03.png","false","Asus TUF A15 OLED FA507RM-HF030WS Laptop","","114600.0","0.0","0","10"
"true","LAPTOP","Asus VivoBook 14 X415JA-EB501WS Laptop laptop","LAP-001004","https://res.cloudinary.com/dngvbsauf/image/upload/v1788367043/tech-store/laptops/template-04.png","false","Asus VivoBook 14 X415JA-EB501WS Laptop","","41990.0","0.0","0","10"
"true","LAPTOP","Asus VivoBook 14 2021 X415MA-BV011W Laptop laptop","LAP-001005","https://res.cloudinary.com/dngvbsauf/image/upload/v1788367045/tech-store/laptops/template-05.jpg","false","Asus VivoBook 14 2021 X415MA-BV011W Laptop","","23990.0","0.0","0","10"
"true","LAPTOP","HP Pavilion 14-EC1008AU Laptop laptop","LAP-001006","https://res.cloudinary.com/dngvbsauf/image/upload/v1788367046/tech-store/laptops/template-06.jpg","false","HP Pavilion 14-EC1008AU Laptop","","78889.0","0.0","0","10"
"true","LAPTOP","HP 15s-du3519TX Laptop laptop","LAP-001007","https://res.cloudinary.com/dngvbsauf/image/upload/v1788367048/tech-store/laptops/template-07.jpg","false","HP 15s-du3519TX Laptop","","58990.0","0.0","0","10"
"true","LAPTOP","Asus Strix G15 G513RM-HQ273WS Gaming Laptop laptop","LAP-001008","https://res.cloudinary.com/dngvbsauf/image/upload/v1788367049/tech-store/laptops/template-08.png","false","Asus Strix G15 G513RM-HQ273WS Gaming Laptop","","134490.0","0.0","0","10"
"true","LAPTOP","Asus BR1100CKA-GJ0722W Notebook laptop","LAP-001009","https://res.cloudinary.com/dngvbsauf/image/upload/v1788367038/tech-store/laptops/template-01.png","false","Asus BR1100CKA-GJ0722W Notebook","","22990.0","0.0","0","10"
"true","LAPTOP","Fujitsu UH-X 4ZR1F38024 Laptop laptop","LAP-001010","https://res.cloudinary.com/dngvbsauf/image/upload/v1788367040/tech-store/laptops/template-02.jpg","false","Fujitsu UH-X 4ZR1F38024 Laptop","","84990.0","0.0","0","10"
"true","LAPTOP","Asus BR1100CKA-GJ0722W Laptop laptop","LAP-001011","https://res.cloudinary.com/dngvbsauf/image/upload/v1788367041/tech-store/laptops/template-03.png","false","Asus BR1100CKA-GJ0722W Laptop","","22990.0","0.0","0","10"
"true","LAPTOP","Lenovo Yoga 6 13ALC6 82ND00DPIN Laptop laptop","LAP-001012","https://res.cloudinary.com/dngvbsauf/image/upload/v1788367043/tech-store/laptops/template-04.png","false","Lenovo Yoga 6 13ALC6 82ND00DPIN Laptop","","92999.0","0.0","0","10"
"true","LAPTOP","Asus BR1100FKA-BP1104W Laptop laptop","LAP-001013","https://res.cloudinary.com/dngvbsauf/image/upload/v1788367045/tech-store/laptops/template-05.jpg","false","Asus BR1100FKA-BP1104W Laptop","","29990.0","0.0","0","10"
"true","LAPTOP","Asus ROG Strix Scar 17 G733ZW-LL139WS Gaming Laptop laptop","LAP-001014","https://res.cloudinary.com/dngvbsauf/image/upload/v1788367046/tech-store/laptops/template-06.jpg","false","Asus ROG Strix Scar 17 G733ZW-LL139WS Gaming Laptop","","249990.0","0.0","0","10"
